Date,OIL,GLD,SLV
2008-01-02,97.01,84.86,15.18
2008-01-03,98.45,85.57,15.285
2008-01-04,96.87,85.13,15.167
2008-01-07,94.19,84.77,15.053
2008-01-08,96.37,86.78,15.59
2008-01-09,96.76,86.55,15.52
2008-01-10,92.8,88.25,16.061
2008-01-11,91.86,88.58,16.077
2008-01-14,92.58,89.54,16.28
2008-01-15,90.87,87.99,15.834
2008-01-16,88.1,86.7,15.654
2008-01-17,88.96,86.5,15.717
2008-01-18,89.66,87.42,16.03
2008-01-22,88.11,88.17,15.902
2008-01-23,87.06,87.89,15.9
2008-01-24,87.69,90.08,16.3
2008-01-25,90.96,90.3,16.298
2008-01-28,90.91,91.75,16.55
2008-01-29,92.49,91.15,16.534
2008-01-30,92.46,92.06,16.675
2008-01-31,91.58,91.4,16.818
2008-02-01,91.41,89.35,16.619
2008-02-04,91.09,89.1,16.515
2008-02-05,89.6,87.68,16.167
2008-02-06,88.73,88.95,16.375
2008-02-07,88.55,89.85,16.67
2008-02-08,91.45,91.0,17.026
2008-02-11,93.93,91.33,17.4
2008-02-12,94.28,89.33,17.033
2008-02-13,93.82,89.44,17.132
2008-02-14,95.92,89.71,17.087
2008-02-15,96.96,89.15,16.952
2008-02-19,97.03,91.58,17.378
2008-02-20,97.88,93.24,17.7
2008-02-21,97.52,93.25,17.696
2008-02-22,96.07,93.39,17.916
2008-02-25,97.43,92.74,17.99
2008-02-26,99.05,93.71,18.6
2008-02-27,98.28,94.78,19.133
2008-02-28,99.83,95.99,19.666
2008-02-29,100.9,96.18,19.668
2008-03-03,101.83,97.24,20.163
2008-03-04,98.6,95.18,19.62
2008-03-05,100.95,97.72,20.621
2008-03-06,103.47,96.5,20.075
2008-03-07,104.66,96.09,20.04
2008-03-10,105.33,95.87,19.475
2008-03-11,106.78,95.99,19.52
2008-03-12,107.99,97.01,19.97
2008-03-13,109.18,98.34,20.406
2008-03-14,109.16,98.71,20.421
2008-03-17,104.41,99.17,19.98
2008-03-18,105.35,96.5,19.379
2008-03-19,102.65,93.04,18.251
2008-03-20,99.78,89.91,16.701
2008-03-25,99.91,92.73,17.775
2008-03-26,102.83,93.8,18.225
2008-03-27,103.89,93.46,18.32
2008-03-28,102.68,91.88,17.75
2008-04-01,98.69,86.86,16.6
2008-04-02,98.85,89.27,17.246
2008-04-03,102.31,89.42,17.23
2008-04-07,105.98,91.17,17.95
2008-04-08,105.05,90.35,17.507
2008-04-09,107.46,92.29,18.015
2008-04-10,107.37,91.77,17.812
2008-04-14,108.32,91.11,17.515
2008-04-15,110.84,91.66,17.682
2008-04-16,110.95,93.27,18.154
2008-04-17,111.34,92.56,18.01
2008-04-21,111.35,90.25,17.267
2008-04-22,113.54,90.27,17.477
2008-04-23,115.34,89.22,17.001
2008-04-24,114.85,87.22,16.552
2008-04-28,115.7,87.69,16.84
2008-04-29,113.86,85.81,16.382
2008-05-01,107.3,83.99,15.994
2008-05-06,119.88,86.63,16.73
2008-05-07,120.27,85.82,16.503
2008-05-08,119.85,87.24,16.7
2008-05-12,122.89,86.99,16.997
2008-05-13,123.11,85.39,16.554
2008-05-14,121.18,85.2,16.366
2008-05-15,122.76,87.0,16.555
2008-05-19,122.19,89.39,16.819
2008-05-20,124.12,90.9,17.5
2008-05-21,127.28,91.96,17.86
2008-05-22,129.04,90.98,17.78
2008-05-27,128.92,89.36,17.256
2008-05-28,128.93,89.14,17.265
2008-05-29,129.33,86.51,16.478
2008-06-02,128.5,87.96,16.642
2008-06-03,126.28,86.88,16.587
2008-06-04,121.72,86.65,16.641
2008-06-05,122.36,86.45,16.972
2008-06-09,134.43,87.99,16.944
2008-06-10,135.24,85.55,16.44
2008-06-11,134.52,87.02,16.7
2008-06-12,132.11,85.6,16.35
2008-06-16,133.9,87.01,16.95
2008-06-17,131.27,87.25,16.902
2008-06-18,129.12,88.28,17.189
2008-06-19,131.84,88.42,17.153
2008-06-23,134.54,87.09,16.63
2008-06-24,135.37,87.47,16.492
2008-06-25,131.59,87.42,16.626
2008-06-26,136.82,90.61,17.025
2008-07-01,140.67,92.66,17.9
2008-07-02,141.24,93.17,18.215
2008-07-03,143.95,92.06,18.001
2008-07-07,139.62,91.23,17.6
2008-07-08,134.15,90.86,17.664
2008-07-09,133.91,91.5,17.95
2008-07-10,135.81,93.53,18.12
2008-07-14,142.43,95.91,18.935
2008-07-15,136.02,96.17,18.7
2008-07-16,133.31,94.44,18.545
2008-07-17,134.16,94.22,18.32
2008-07-21,129.34,95.12,18.228
2008-07-22,127.18,93.06,17.759
2008-07-23,126.86,90.57,17.19
2008-07-24,125.43,91.33,17.26
2008-07-28,125.67,91.73,17.36
2008-07-29,125.77,90.59,17.19
2008-07-30,122.46,89.52,17.36
2008-08-07,116.94,86.09,16.07
2008-08-26,112.2,81.23,13.45
2008-08-27,113.05,81.36,13.35
2008-08-28,113.54,82.18,13.55
2008-09-02,104.94,79.2,12.94
2008-09-03,103.88,78.89,12.75
2008-09-04,103.41,78.39,12.63
2008-09-08,101.08,78.86,11.95
2008-09-09,98.94,76.49,11.18
2008-09-10,96.0,74.22,10.6
2008-09-11,96.01,73.08,10.32
2008-09-15,90.45,77.56,10.95
2008-09-16,85.85,76.79,10.4
2008-09-17,86.09,85.46,11.9
2008-09-18,90.89,82.8,11.89
2008-09-22,100.43,89.18,13.35
2008-09-23,100.72,88.32,13.18
2008-09-24,102.09,86.71,13.09
2008-09-25,100.45,86.45,13.03
2008-09-29,95.96,89.57,12.95
2008-09-30,93.52,85.07,11.85
2008-10-01,92.19,85.97,12.33
2008-10-02,88.88,82.33,10.8
2008-10-06,84.71,84.28,10.75
2008-10-07,83.17,87.27,11.38
2008-10-08,80.77,89.42,11.51
2008-10-09,81.65,89.9,11.95
2008-10-13,74.37,81.99,10.59
2008-10-14,74.98,82.2,10.86
2008-10-15,66.86,83.31,10.27
2008-10-16,64.14,79.29,9.6
2008-10-20,67.45,78.5,9.77
2008-10-21,65.99,76.03,9.98
2008-10-22,62.95,71.71,9.45
2008-10-23,65.06,70.65,9.38
2008-10-27,59.34,72.18,8.85
2008-10-28,58.87,73.79,9.05
2008-10-29,64.0,74.0,9.67
2008-10-30,60.86,72.71,9.68
2008-10-31,60.0,71.34,9.58
2008-11-03,60.32,71.1,9.62
2008-11-04,62.78,75.48,10.12
2008-11-05,61.09,72.8,10.21
2008-11-06,56.14,72.22,9.9
2008-11-07,56.84,72.5,9.94
2008-11-10,57.08,73.58,10.06
2008-11-11,54.76,72.05,9.64
2008-11-12,52.47,70.0,9.17
2008-11-13,51.32,72.15,9.3
2008-11-14,50.7,73.3,9.36
2008-11-17,50.82,72.65,9.18
2008-11-18,49.1,72.51,9.48
2008-11-19,48.35,72.26,9.1
2008-11-20,45.79,73.45,8.86
2008-11-21,44.91,78.85,9.52
2008-11-24,49.51,80.91,10.43
2008-11-25,47.51,80.87,10.19
2008-11-26,49.39,80.38,10.19
2008-11-28,47.72,80.31,10.23
2008-12-01,47.58,75.65,9.18
2008-12-02,45.64,76.95,9.49
2008-12-03,44.39,76.18,9.51
2008-12-04,43.83,75.5,9.38
2008-12-05,37.04,74.52,9.4
2008-12-08,40.02,76.2,9.89
2008-12-09,39.77,76.33,9.7
2008-12-10,39.34,79.75,10.12
2008-12-11,43.54,80.65,10.2
2008-12-12,42.38,80.81,10.14
2008-12-15,45.02,82.6,10.55
2008-12-16,42.0,84.46,11.03
2008-12-17,41.84,85.43,11.29
2008-12-18,40.19,83.87,10.84
2008-12-19,39.52,82.63,10.67
2008-12-22,38.08,83.46,10.73
2008-12-23,35.27,82.63,10.16
2008-12-24,34.45,83.46,10.28
2008-12-29,34.16,86.35,10.77
2008-12-30,35.22,85.9,10.82
2008-12-31,35.82,86.52,11.2
2009-01-02,42.94,86.23,11.41
2009-01-05,45.84,84.48,11.11
2009-01-06,48.89,85.13,11.34
2009-01-07,46.23,82.75,10.86
2009-01-08,42.94,84.46,10.99
2009-01-09,42.34,83.92,11.1
2009-01-12,40.86,80.76,10.5
2009-01-13,43.05,80.88,10.6
2009-01-14,42.27,79.79,10.45
2009-01-15,42.32,80.39,10.49
2009-01-16,43.42,82.71,11.11
2009-01-20,41.22,84.52,11.09
2009-01-21,39.9,84.15,11.18
2009-01-22,42.42,84.58,11.33
2009-01-23,43.13,88.53,11.85
2009-01-26,48.0,88.95,11.9
2009-01-27,42.86,88.38,11.85
2009-01-28,42.86,87.42,11.86
2009-01-29,43.13,89.5,12.26
2009-01-30,44.17,91.31,12.52
2009-02-02,42.96,88.84,12.21
2009-02-03,43.15,88.47,12.32
2009-02-04,43.68,89.18,12.42
2009-02-05,43.92,90.12,12.75
2009-02-06,44.49,89.59,12.91
2009-02-09,47.23,88.32,12.72
2009-02-10,45.88,90.21,12.98
2009-02-11,44.24,92.29,13.34
2009-02-12,47.23,93.17,13.33
2009-02-13,43.36,92.55,13.54
2009-02-17,39.69,95.45,13.99
2009-02-18,39.41,96.91,14.17
2009-02-19,42.36,95.77,13.89
2009-02-20,42.19,97.8,14.25
2009-02-23,41.27,97.73,14.34
2009-02-24,40.18,94.73,13.61
2009-02-25,42.37,93.15,13.49
2009-02-26,45.15,93.06,12.97
2009-02-27,44.41,92.63,12.88
2009-03-02,42.6,90.93,12.77
2009-03-03,42.72,90.04,12.65
2009-03-04,46.07,88.99,12.78
2009-03-05,44.45,91.99,13.15
2009-03-06,43.48,92.29,13.18
2009-03-09,44.55,90.57,12.77
2009-03-10,44.99,88.14,12.45
2009-03-11,43.2,89.22,12.59
2009-03-12,42.19,91.1,12.79
2009-03-13,44.97,91.3,13.05
2009-03-16,44.12,90.8,12.79
2009-03-17,45.53,90.04,12.6
2009-03-18,45.22,93.09,12.77
2009-03-19,48.03,94.35,13.42
2009-03-20,49.27,93.59,13.61
2009-03-23,51.84,92.08,13.46
2009-03-24,51.32,90.95,13.25
2009-03-25,51.46,91.98,13.35
2009-03-26,51.89,91.93,13.35
2009-03-27,50.81,90.69,13.15
2009-03-30,49.05,89.98,12.85
2009-03-31,46.13,90.28,12.79
2009-04-01,45.92,91.03,12.84
2009-04-02,50.89,88.8,12.77
2009-04-06,50.91,85.27,11.94
2009-04-07,50.62,86.74,12.07
2009-04-08,52.06,86.61,12.14
2009-04-09,52.33,86.31,12.17
2009-04-14,52.06,87.37,12.54
2009-04-15,51.31,87.5,12.55
2009-04-16,51.83,85.81,12.06
2009-04-20,49.06,86.95,11.89
2009-04-21,48.69,86.89,11.86
2009-04-22,48.5,87.38,12.13
2009-04-23,48.29,88.8,12.54
2009-04-27,48.67,89.01,12.66
2009-04-28,48.64,87.75,12.3
2009-04-29,50.22,88.33,12.55
2009-04-30,50.3,87.27,12.21
2009-05-05,53.16,88.25,13.14
2009-05-06,55.07,89.54,13.52
2009-05-07,56.63,89.44,13.6
2009-05-11,55.99,89.69,13.74
2009-05-12,56.52,90.7,14.02
2009-05-13,56.84,91.09,13.81
2009-05-14,56.25,91.03,13.85
2009-05-18,56.51,90.36,13.58
2009-05-19,57.12,90.96,13.98
2009-05-20,59.1,92.25,14.1
2009-05-21,58.02,93.85,14.34
2009-05-26,59.05,93.76,14.42
2009-05-27,61.28,93.45,14.58
2009-05-28,63.47,94.24,14.93
2009-06-01,66.6,95.73,15.35
2009-06-02,67.67,96.36,15.75
2009-06-03,66.15,94.41,15.14
2009-06-04,67.68,96.23,15.63
2009-06-08,67.61,93.56,14.76
2009-06-09,68.94,93.83,15.03
2009-06-10,70.52,93.86,15.01
2009-06-11,71.71,93.7,15.13
2009-06-15,68.49,91.1,13.83
2009-06-16,70.52,91.93,13.99
2009-06-17,68.95,92.35,14.12
2009-06-18,69.96,91.61,13.97
2009-06-22,66.13,90.54,13.54
2009-06-23,66.36,90.92,13.62
2009-06-24,68.47,91.45,13.68
2009-06-25,68.82,92.31,13.81
2009-06-29,69.75,92.04,13.66
2009-06-30,68.11,91.18,13.38
2009-07-01,68.52,92.39,13.55
2009-07-02,65.74,91.25,13.16
2009-07-06,63.12,90.76,13.1
2009-07-07,61.54,90.71,12.89
2009-07-08,59.71,89.27,12.69
2009-07-09,59.17,89.51,12.67
2009-07-13,58.25,90.19,12.66
2009-07-14,60.48,90.81,12.72
2009-07-15,61.25,92.24,13.06
2009-07-16,62.02,91.98,13.09
2009-07-20,64.64,93.28,13.45
2009-07-21,65.93,93.13,13.33
2009-07-22,65.36,93.44,13.45
2009-07-23,68.06,93.26,13.52
2009-07-27,69.78,93.71,13.84
2009-07-28,68.53,92.11,13.52
2009-07-29,65.79,91.2,13.12
2009-07-30,68.82,91.62,13.25
2009-08-03,72.9,93.87,14.03
2009-08-04,73.82,94.68,14.35
2009-08-05,74.39,94.78,14.52
2009-08-06,74.61,94.6,14.32
2009-08-10,73.79,92.93,14.15
2009-08-11,71.58,92.79,14.09
2009-08-12,74.03,92.95,14.34
2009-08-13,73.76,93.72,14.79
2009-08-17,68.65,91.61,13.75
2009-08-18,68.66,92.06,13.72
2009-08-19,72.81,92.53,13.57
2009-08-20,73.75,92.27,13.7
2009-08-24,74.34,92.34,13.9
2009-08-25,73.1,92.76,14.04
2009-08-26,70.74,92.79,14.09
2009-08-27,70.68,93.19,14.08
2009-09-01,68.78,93.9,14.76
2009-09-02,67.6,96.19,15.22
2009-09-03,66.78,97.46,15.87
2009-09-08,69.2,97.43,16.15
2009-09-09,69.76,97.08,16.06
2009-09-10,68.96,97.7,16.41
2009-09-14,66.91,97.96,16.31
2009-09-15,66.53,98.9,16.78
2009-09-16,68.51,99.91,17.14
2009-09-17,71.56,99.34,16.95
2009-09-21,68.11,98.36,16.54
2009-09-22,69.65,99.67,16.88
2009-09-23,67.43,98.83,16.54
2009-09-24,64.99,97.55,15.99
2009-09-28,65.43,97.05,15.91
2009-09-29,64.63,97.43,15.89
2009-09-30,65.82,98.85,16.38
2009-10-01,67.12,97.89,16.04
2009-10-05,65.26,99.82,16.38
2009-10-06,68.51,102.28,17.08
2009-10-07,67.65,102.36,17.25
2009-10-08,68.47,103.64,17.52
2009-10-12,70.75,103.56,17.48
2009-10-13,70.81,104.26,17.48
2009-10-14,72.16,104.18,17.56
2009-10-15,73.14,102.86,17.06
2009-10-19,75.86,104.23,17.44
2009-10-20,76.51,103.42,17.2
2009-10-21,77.74,103.75,17.36
2009-10-22,78.36,103.92,17.32
2009-10-26,76.45,101.86,16.79
2009-10-27,76.69,101.85,16.34
2009-10-28,75.11,100.73,15.86
2009-10-29,77.18,102.69,16.41
2009-10-30,74.91,102.53,16.07
2009-11-02,75.56,103.95,16.16
2009-11-03,75.68,106.46,17.0
2009-11-04,78.21,107.1,17.14
2009-11-05,78.02,106.98,17.12
2009-11-06,75.51,107.43,17.09
2009-11-09,77.18,108.19,17.29
2009-11-10,77.07,108.39,17.03
2009-11-11,76.99,109.6,17.29
2009-11-12,75.18,108.21,16.92
2009-11-13,74.81,109.74,17.15
2009-11-16,77.14,111.63,18.01
2009-11-17,77.36,111.97,18.13
2009-11-18,78.64,112.25,18.23
2009-11-19,76.45,112.3,18.26
2009-11-20,75.61,112.94,18.22
2009-11-23,78.14,114.29,18.27
2009-11-24,75.35,114.73,18.25
2009-11-25,76.57,116.62,18.52
2009-11-27,76.0,115.06,17.95
2009-11-30,77.77,115.64,18.15
2009-12-01,78.68,117.38,18.78
2009-12-02,76.96,119.18,18.89
2009-12-03,77.76,118.7,18.62
2009-12-04,77.74,113.75,18.15
2009-12-07,76.18,113.11,17.82
2009-12-08,74.93,110.95,17.3
2009-12-09,73.63,110.84,17.15
2009-12-10,70.91,110.82,17.09
2009-12-11,70.07,109.32,16.87
2009-12-14,71.19,110.24,17.08
2009-12-15,71.33,110.21,17.09
2009-12-16,73.34,111.59,17.36
2009-12-17,71.28,107.34,16.79
2009-12-18,71.87,108.95,16.95
2009-12-21,72.74,106.95,16.69
2009-12-22,71.64,106.17,16.64
2009-12-23,73.87,106.55,16.81
2009-12-24,75.15,108.36,17.17
2009-12-29,76.65,107.47,16.81
2009-12-30,77.62,106.93,16.53
2009-12-31,77.91,107.31,16.54
2010-01-04,79.05,109.8,17.23
2010-01-05,79.27,109.7,17.51
2010-01-06,80.14,111.51,17.86
2010-01-07,80.57,110.82,17.89
2010-01-08,80.06,111.37,18.15
2010-01-11,80.14,112.85,18.21
2010-01-12,79.38,110.49,17.91
2010-01-13,77.57,111.54,18.27
2010-01-14,77.61,112.03,18.31
2010-01-15,76.85,110.86,18.05
2010-01-19,75.18,111.52,18.45
2010-01-20,75.09,108.94,17.57
2010-01-21,74.13,107.37,17.07
2010-01-22,72.73,107.17,16.78
2010-01-25,72.18,107.48,16.83
2010-01-26,72.63,107.56,16.43
2010-01-27,72.75,106.53,16.26
2010-01-28,70.65,106.48,15.92
2010-01-29,71.2,105.96,15.9
2010-02-01,71.58,108.35,16.36
2010-02-02,73.94,109.13,16.35
2010-02-03,75.77,108.7,16.07
2010-02-04,71.3,104.37,15.04
2010-02-05,70.11,104.68,14.9
2010-02-08,69.62,104.04,14.75
2010-02-09,70.4,105.41,15.12
2010-02-10,70.4,105.12,14.95
2010-02-11,72.35,107.13,15.37
2010-02-12,71.49,107.04,15.24
2010-02-16,74.82,109.62,15.82
2010-02-17,74.89,109.25,15.74
2010-02-18,76.61,109.98,15.88
2010-02-19,76.88,109.47,15.97
2010-02-22,76.95,109.07,15.9
2010-02-23,76.44,107.89,15.57
2010-02-24,77.0,107.36,15.62
2010-02-25,74.38,108.31,15.77
2010-02-26,76.36,109.43,16.07
2010-03-01,76.07,109.43,16.11
2010-03-02,77.5,111.02,16.56
2010-03-03,78.66,111.63,16.82
2010-03-04,77.88,110.83,16.79
2010-03-05,79.2,110.81,17.01
2010-03-08,78.94,109.88,16.89
2010-03-09,78.77,109.72,16.92
2010-03-10,80.29,108.47,16.66
2010-03-11,79.44,108.6,16.81
2010-03-12,79.38,107.95,16.76
2010-03-15,77.08,108.36,16.74
2010-03-16,79.45,110.4,17.05
2010-03-17,80.28,109.59,17.08
2010-03-18,80.09,110.34,17.08
2010-03-19,78.37,108.28,16.65
2010-03-22,78.09,107.75,16.6
2010-03-23,79.17,108.32,16.72
2010-03-24,78.03,106.3,16.29
2010-03-25,78.64,106.78,16.32
2010-03-26,77.98,108.59,16.61
2010-03-29,79.89,108.75,17.04
2010-03-30,79.46,107.97,16.95
2010-03-31,80.37,108.95,17.14
2010-04-01,82.63,110.26,17.54
2010-04-06,85.05,111.03,17.61
2010-04-07,84.49,112.49,17.77
2010-04-08,82.63,112.65,17.72
2010-04-12,85.21,113.01,17.8
2010-04-13,83.44,112.69,17.84
2010-04-14,85.81,113.03,18.07
2010-04-15,86.9,113.65,18.07
2010-04-19,83.09,111.15,17.38
2010-04-20,84.73,111.46,17.48
2010-04-21,84.55,112.31,17.77
2010-04-22,84.58,111.84,17.64
2010-04-26,86.72,112.75,17.93
2010-04-27,85.59,114.63,17.88
2010-04-28,84.59,114.31,17.75
2010-04-29,86.82,114.28,18.14
2010-05-04,85.39,114.87,17.59
2010-05-05,82.31,115.09,17.11
2010-05-06,80.21,118.49,17.32
2010-05-10,78.08,117.57,18.11
2010-05-11,79.0,120.66,18.95
2010-05-12,78.7,121.4,19.12
2010-05-13,79.41,120.56,18.99
2010-05-17,73.87,119.36,18.53
2010-05-18,75.12,119.49,18.57
2010-05-19,71.86,116.63,17.87
2010-05-20,69.56,115.84,17.35
2010-05-24,69.62,116.84,17.56
2010-05-25,67.18,117.36,17.54
2010-05-26,70.59,118.47,17.74
2010-05-27,73.56,118.69,18.12
2010-06-01,73.08,119.91,18.02
2010-06-02,72.78,119.78,17.98
2010-06-03,73.12,117.96,17.64
2010-06-07,71.09,121.49,17.81
2010-06-08,71.43,121.0,17.89
2010-06-09,73.68,120.56,17.76
2010-06-10,74.33,118.97,17.86
2010-06-14,75.11,119.6,17.86
2010-06-15,75.29,120.99,18.19
2010-06-16,76.12,120.33,18.08
2010-06-17,77.52,121.9,18.33
2010-06-21,78.53,120.39,18.33
2010-06-22,78.08,121.45,18.42
2010-06-23,75.22,120.95,18.18
2010-06-24,75.17,121.3,18.26
2010-06-28,76.66,121.09,18.38
2010-06-29,74.21,121.27,18.13
2010-06-30,74.94,121.68,18.21
2010-07-01,71.73,117.04,17.44
2010-07-06,73.08,116.51,17.4
2010-07-07,72.97,117.73,17.65
2010-07-08,74.56,117.21,17.61
2010-07-12,74.35,117.34,17.62
2010-07-13,76.45,118.36,17.82
2010-07-14,76.63,118.3,17.96
2010-07-15,75.52,118.23,17.95
2010-07-19,76.29,115.73,17.27
2010-07-20,76.31,116.65,17.33
2010-07-21,75.75,115.85,17.31
2010-07-22,77.59,116.86,17.71
2010-07-26,77.9,115.52,17.78
2010-07-27,75.52,113.51,17.3
2010-07-28,76.66,113.78,17.16
2010-07-29,78.6,114.29,17.24
2010-08-02,81.93,115.54,17.96
2010-08-03,83.6,115.99,18.02
2010-08-04,83.76,116.72,17.93
2010-08-05,82.9,116.98,17.96
2010-08-09,81.54,117.4,17.96
2010-08-10,79.89,117.73,17.97
2010-08-11,77.83,117.34,17.53
2010-08-12,76.63,118.77,17.69
2010-08-16,74.56,119.73,18.0
2010-08-17,76.74,119.75,18.12
2010-08-18,75.1,120.22,18.02
2010-08-19,74.84,120.39,17.92
2010-08-23,73.08,119.78,17.61
2010-08-24,70.61,120.36,17.99
2010-08-25,70.74,121.36,18.54
2010-08-26,74.5,120.96,18.59
2010-08-31,75.51,122.08,18.93
2010-09-01,75.53,121.69,18.96
2010-09-02,74.93,122.29,19.28
2010-09-07,75.78,122.7,19.36
2010-09-08,77.48,122.71,19.5
2010-09-09,77.87,121.56,19.32
2010-09-13,78.52,121.62,19.54
2010-09-14,78.89,124.02,20.05
2010-09-15,78.46,123.94,20.17
2010-09-16,78.89,124.63,20.35
2010-09-20,79.42,124.87,20.29
2010-09-21,78.76,126.01,20.59
2010-09-22,77.29,126.2,20.71
2010-09-23,77.69,126.3,20.66
2010-09-27,77.71,126.72,20.99
2010-09-28,79.14,127.85,21.29
2010-09-29,78.79,127.95,21.4
2010-09-30,80.77,127.91,21.31
2010-10-04,83.42,128.46,21.51
2010-10-05,83.35,130.99,22.34
2010-10-06,85.01,131.81,22.69
2010-10-07,83.67,130.37,22.02
2010-10-11,83.08,132.29,22.78
2010-10-12,82.99,131.96,22.84
2010-10-13,84.01,134.07,23.49
2010-10-14,83.55,134.75,24.03
2010-10-18,82.3,134.28,23.96
2010-10-19,81.12,130.11,22.84
2010-10-20,81.68,131.32,23.33
2010-10-21,81.28,129.47,22.59
2010-10-25,81.91,130.85,23.1
2010-10-26,82.62,130.88,23.28
2010-10-27,81.27,129.52,23.07
2010-10-28,82.97,131.24,23.43
2010-11-01,84.06,131.92,24.07
2010-11-02,84.71,132.49,24.31
2010-11-03,85.33,131.57,24.25
2010-11-04,86.83,136.03,25.63
2010-11-05,87.05,136.38,26.2
2010-11-08,87.15,137.78,27.15
2010-11-09,87.93,135.59,26.18
2010-11-10,87.92,137.24,26.72
2010-11-11,88.08,137.66,27.11
2010-11-12,86.07,133.69,25.52
2010-11-15,85.49,132.42,24.93
2010-11-16,83.98,130.97,24.93
2010-11-17,83.36,130.38,25.0
2010-11-18,83.7,132.09,26.35
2010-11-19,83.17,132.2,26.74
2010-11-22,82.34,133.48,27.17
2010-11-23,82.37,134.41,26.87
2010-11-24,84.53,134.18,26.94
2010-11-26,84.78,133.11,26.13
2010-11-29,85.9,133.51,26.55
2010-11-30,86.02,135.42,27.44
2010-12-01,88.56,135.38,27.81
2010-12-02,89.37,135.2,27.93
2010-12-03,90.65,138.07,28.6
2010-12-06,91.25,139.11,29.51
2010-12-07,90.78,136.5,28.08
2010-12-08,89.74,134.79,27.7
2010-12-09,89.93,135.37,28.03
2010-12-10,89.54,135.41,27.98
2010-12-13,90.4,136.05,28.87
2010-12-14,90.63,136.18,28.81
2010-12-15,91.33,134.7,28.08
2010-12-16,91.09,133.81,28.28
2010-12-17,91.11,134.2,28.51
2010-12-20,91.31,135.11,28.71
2010-12-21,93.11,135.32,28.64
2010-12-22,93.55,135.05,28.57
2010-12-23,93.63,134.66,28.61
2010-12-29,93.52,137.71,29.87
2010-12-30,92.5,137.03,29.76
2010-12-31,93.23,138.72,30.18
2011-01-04,93.52,134.75,29.08
2011-01-05,95.07,134.37,28.61
2011-01-06,94.95,133.83,28.42
2011-01-07,94.25,133.58,28.1
2011-01-10,95.05,134.12,28.29
2011-01-11,96.8,134.91,28.89
2011-01-12,97.86,135.46,29.0
2011-01-13,97.86,134.05,28.0
2011-01-14,97.86,132.69,27.74
2011-01-18,97.83,133.43,28.15
2011-01-19,98.42,133.72,28.08
2011-01-20,96.27,131.2,26.85
2011-01-21,96.84,131.03,26.83
2011-01-24,96.76,130.36,26.36
2011-01-25,96.76,130.1,26.23
2011-01-26,96.04,131.16,26.89
2011-01-27,96.48,127.93,26.29
2011-01-28,97.06,130.28,27.3
2011-01-31,98.97,129.87,27.39
2011-02-01,100.4,130.8,27.87
2011-02-02,101.3,130.45,27.69
2011-02-03,101.69,132.2,28.29
2011-02-04,99.43,131.66,28.4
2011-02-07,99.44,131.68,28.66
2011-02-08,99.25,133.14,29.64
2011-02-09,100.16,133.07,29.52
2011-02-10,100.74,132.85,29.46
2011-02-11,99.93,132.32,29.21
2011-02-14,103.12,132.95,29.96
2011-02-15,102.48,133.97,30.0
2011-02-16,102.78,134.1,29.96
2011-02-17,103.45,135.04,31.03
2011-02-18,102.2,135.41,31.79
2011-02-22,106.82,136.29,32.26
2011-02-23,109.77,137.51,32.71
2011-02-24,113.91,136.48,31.2
2011-02-25,111.47,137.38,32.56
2011-02-28,112.27,137.66,33.11
2011-03-01,113.34,140.03,33.87
2011-03-02,116.89,139.92,33.84
2011-03-03,114.42,138.09,33.42
2011-03-04,115.71,139.35,34.69
2011-03-07,116.58,139.72,35.23
2011-03-08,112.32,139.36,35.18
2011-03-09,115.19,139.41,35.27
2011-03-10,114.07,137.77,34.36
2011-03-11,114.07,138.22,35.03
2011-03-14,112.95,138.86,35.01
2011-03-15,111.11,136.27,33.61
2011-03-16,110.96,136.24,33.37
2011-03-17,114.18,136.97,33.51
2011-03-18,114.13,138.37,34.27
2011-03-21,114.92,139.14,35.3
2011-03-22,115.63,139.05,35.54
2011-03-23,115.65,140.34,36.47
2011-03-24,115.41,139.22,36.12
2011-03-25,115.45,139.26,36.39
2011-03-28,115.95,138.54,36.19
2011-03-29,115.58,138.21,36.17
2011-03-30,115.35,138.67,36.53
2011-03-31,116.94,139.86,36.77
2011-04-04,120.07,139.84,37.58
2011-04-05,122.87,142.05,38.34
2011-04-06,123.01,142.38,38.62
2011-04-07,122.9,142.51,38.73
2011-04-11,126.46,142.64,39.21
2011-04-12,121.33,141.61,39.09
2011-04-13,122.7,141.9,39.57
2011-04-14,122.74,143.81,41.07
2011-04-18,121.69,145.93,42.42
2011-04-19,121.35,145.93,43.0
2011-04-20,124.26,146.5,44.12
2011-04-21,123.64,146.74,45.54
2011-04-26,124.55,146.38,44.03
2011-04-27,124.94,149.2,47.0
2011-04-28,126.59,149.82,47.26
2011-05-03,124.01,149.88,40.58
2011-05-04,121.55,147.73,38.27
2011-05-05,111.93,143.47,33.72
2011-05-09,113.21,147.38,36.98
2011-05-10,117.82,147.9,37.52
2011-05-11,115.66,146.54,34.39
2011-05-12,112.87,146.59,33.32
2011-05-16,113.72,145.37,32.85
2011-05-17,109.39,144.74,33.09
2011-05-18,112.54,145.6,34.23
2011-05-19,113.2,145.65,34.26
2011-05-23,110.13,147.83,34.27
2011-05-24,112.52,148.59,35.77
2011-05-25,114.47,148.58,36.92
2011-05-26,115.06,148.22,36.51
2011-05-31,117.18,149.64,37.6
2011-06-01,116.15,149.91,35.75
2011-06-02,114.3,149.5,35.29
2011-06-06,115.4,150.48,35.71
2011-06-07,116.14,150.42,36.12
2011-06-08,118.43,149.81,36.03
2011-06-09,119.95,150.56,36.67
2011-06-13,120.49,147.77,33.87
2011-06-14,120.35,148.67,34.67
2011-06-15,114.67,149.12,34.88
2011-06-16,114.69,148.97,34.65
2011-06-20,112.21,150.03,35.09
2011-06-21,112.02,150.76,35.51
2011-06-22,113.59,150.99,35.5
2011-06-23,108.27,148.34,34.37
2011-06-27,104.57,145.73,32.63
2011-06-28,107.57,146.24,33.0
2011-06-29,111.49,147.18,34.01
2011-06-30,111.71,146.0,33.84
2011-07-05,113.21,147.63,34.63
2011-07-06,113.55,148.91,35.1
2011-07-07,117.4,149.15,35.5
2011-07-11,117.35,151.59,34.9
2011-07-12,117.36,152.77,35.2
2011-07-13,118.46,154.14,37.23
2011-07-14,117.38,154.54,37.41
2011-07-18,117.05,156.57,39.47
2011-07-19,118.18,154.66,38.01
2011-07-20,118.52,156.02,39.12
2011-07-21,118.25,154.83,38.31
2011-07-25,118.27,157.34,39.31
2011-07-26,118.14,157.77,39.89
2011-07-27,117.99,157.19,39.17
2011-07-28,118.16,157.32,38.76
2011-08-01,116.37,157.72,38.29
2011-08-02,116.02,161.52,39.82
2011-08-03,113.74,161.49,40.55
2011-08-04,110.22,160.64,37.61
2011-08-08,103.06,167.12,37.97
2011-08-09,103.63,168.61,36.32
2011-08-10,103.84,174.58,38.44
2011-08-11,107.82,170.75,37.8
2011-08-15,108.89,171.8,38.67
2011-08-16,109.69,173.92,39.03
2011-08-17,111.37,174.42,39.33
2011-08-18,108.36,177.72,39.66
2011-08-22,108.83,184.59,42.63
2011-08-23,110.35,177.67,40.63
2011-08-24,111.91,171.65,38.83
2011-08-25,111.91,172.36,40.0
2011-08-30,115.59,179.1,40.4
2011-08-31,116.48,177.72,40.45
2011-09-01,116.43,177.87,40.52
2011-09-06,113.29,182.9,41.05
2011-09-07,117.5,177.08,40.53
2011-09-08,117.99,181.81,41.22
2011-09-12,114.75,176.67,39.14
2011-09-13,114.08,178.54,39.87
2011-09-14,113.1,177.21,39.6
2011-09-15,116.71,174.4,38.79
2011-09-19,112.89,173.31,38.65
2011-09-20,114.39,175.78,38.83
2011-09-21,114.26,173.59,38.56
2011-09-22,109.21,169.05,34.92
2011-09-26,107.9,157.58,29.77
2011-09-27,109.54,160.63,31.17
2011-09-28,108.52,156.22,28.87
2011-09-29,107.08,157.7,29.96
2011-10-03,103.61,160.96,29.49
2011-10-04,101.84,157.64,29.09
2011-10-05,103.77,159.46,29.66
2011-10-06,104.38,160.49,31.2
2011-10-10,109.49,163.27,31.26
2011-10-11,109.22,162.1,31.38
2011-10-12,112.44,163.26,31.77
2011-10-13,112.45,162.3,30.94
2011-10-17,112.92,162.62,31.04
2011-10-18,112.08,161.84,31.33
2011-10-19,111.76,159.87,30.23
2011-10-20,109.0,157.77,29.73
2011-10-24,111.67,161.02,30.87
2011-10-25,112.11,165.59,32.43
2011-10-26,110.43,167.4,32.5
2011-10-27,112.45,169.55,34.1
2011-10-31,108.43,167.34,33.44
2011-11-01,106.97,167.38,32.33
2011-11-02,110.82,169.06,33.25
2011-11-03,110.76,171.72,33.62
2011-11-04,112.22,170.85,33.2
2011-11-07,114.75,174.98,34.08
2011-11-08,115.61,173.53,34.0
2011-11-09,115.29,172.07,33.1
2011-11-10,113.32,171.14,33.14
2011-11-11,114.43,173.96,33.74
2011-11-14,112.57,173.2,33.33
2011-11-15,111.9,173.36,33.66
2011-11-16,111.91,171.51,32.82
2011-11-17,109.25,167.1,30.64
2011-11-18,107.82,167.62,31.4
2011-11-21,105.98,163.5,30.76
2011-11-22,107.77,165.31,31.89
2011-11-23,106.83,164.83,30.93
2011-11-25,106.08,163.4,30.2
2011-11-28,109.38,166.63,31.27
2011-11-29,111.25,166.88,31.03
2011-11-30,111.22,170.13,32.0
2011-12-01,108.83,169.63,31.86
2011-12-02,109.59,169.82,31.65
2011-12-05,110.18,167.32,31.05
2011-12-06,110.16,168.18,31.93
2011-12-07,110.07,169.4,31.61
2011-12-08,108.23,165.98,30.7
2011-12-09,107.91,166.4,31.33
2011-12-12,107.82,161.99,30.49
2011-12-13,109.25,158.45,29.82
2011-12-14,105.72,152.89,28.07
2011-12-15,104.52,152.33,28.22
2011-12-16,104.0,155.23,28.85
2011-12-19,104.55,154.87,27.96
2011-12-20,107.8,156.98,28.77
2011-12-21,108.0,157.16,28.6
2011-12-22,108.98,156.04,28.36
2011-12-23,109.28,156.31,28.28
2011-12-28,107.54,151.03,26.27
2011-12-29,106.89,150.34,27.07
2011-12-30,108.09,151.99,26.94
2012-01-03,111.12,155.92,28.83
2012-01-04,113.37,156.71,28.39
2012-01-05,113.59,157.78,28.51
2012-01-06,111.96,157.2,27.91
2012-01-09,111.07,156.5,28.13
2012-01-10,113.3,158.64,29.05
2012-01-11,111.66,159.67,29.14
2012-01-12,112.97,160.38,29.31
2012-01-13,109.88,159.26,28.82
2012-01-17,110.55,160.5,29.19
2012-01-18,109.81,161.6,29.65
2012-01-19,109.54,161.22,29.74
2012-01-20,108.5,162.07,31.22
2012-01-23,109.46,163.16,31.39
2012-01-24,108.38,162.01,31.08
2012-01-25,108.48,166.42,32.37
2012-01-26,109.08,167.27,32.43
2012-01-27,110.5,168.97,32.96
2012-01-30,110.24,168.03,32.53
2012-01-31,110.26,169.31,32.28
2012-02-01,111.96,169.56,32.77
2012-02-02,110.96,171.05,33.36
2012-02-03,112.56,167.64,32.69
2012-02-06,115.47,167.18,32.68
2012-02-07,116.86,169.7,33.26
2012-02-08,117.18,168.5,33.04
2012-02-09,118.4,168.02,32.9
2012-02-10,118.13,167.14,32.51
2012-02-13,118.73,167.51,32.75
2012-02-14,118.3,167.12,32.54
2012-02-15,120.25,168.11,32.45
2012-02-16,121.0,168.0,32.57
2012-02-17,120.69,167.35,32.28
2012-02-21,120.85,171.02,33.38
2012-02-22,123.07,172.94,33.44
2012-02-23,124.53,173.02,34.4
2012-02-24,124.89,172.23,34.37
2012-02-27,126.46,171.7,34.36
2012-02-28,124.02,173.49,35.83
2012-02-29,122.23,164.29,33.55
2012-03-01,125.76,166.61,34.44
2012-03-02,125.93,166.34,33.76
2012-03-05,126.68,165.65,33.03
2012-03-06,125.03,162.7,32.01
2012-03-07,125.37,163.63,32.41
2012-03-08,127.96,165.28,32.85
2012-03-09,128.08,166.38,33.22
2012-03-12,127.27,165.07,32.63
2012-03-13,128.14,162.3,32.26
2012-03-14,126.98,159.57,31.27
2012-03-15,123.63,161.08,31.53
2012-03-16,125.09,161.3,31.59
2012-03-19,125.76,161.59,31.98
2012-03-20,124.38,160.13,31.15
2012-03-21,123.89,160.21,31.21
2012-03-22,122.49,159.57,30.54
2012-03-23,125.21,161.53,31.24
2012-03-26,125.85,164.4,31.94
2012-03-27,125.25,163.24,31.59
2012-03-28,124.41,161.51,31.15
2012-03-29,123.23,161.28,31.35
2012-04-02,124.44,162.94,32.05
2012-04-04,123.04,157.21,30.33
2012-04-05,123.58,158.31,30.72
2012-04-10,121.89,161.1,30.79
2012-04-11,120.41,161.07,30.65
2012-04-12,120.57,162.7,31.42
2012-04-16,118.23,160.46,30.56
2012-04-17,117.41,160.25,30.8
2012-04-18,115.18,159.31,30.64
2012-04-19,117.0,159.43,30.8
2012-04-23,116.66,159.07,29.97
2012-04-24,117.74,159.3,29.93
2012-04-25,117.45,159.62,29.86
2012-04-26,119.33,161.03,30.18
2012-04-30,118.66,161.88,30.11
2012-05-01,119.57,161.32,30.06
2012-05-02,117.57,160.59,29.78
2012-05-03,115.91,158.97,29.29
2012-05-08,110.48,156.0,28.65
2012-05-09,111.89,154.47,28.38
2012-05-10,112.24,154.77,28.25
2012-05-14,110.79,151.33,27.42
2012-05-15,111.4,149.74,26.86
2012-05-16,109.8,149.46,26.37
2012-05-17,109.31,152.8,27.24
2012-05-21,109.02,154.65,27.68
2012-05-22,109.76,152.08,27.34
2012-05-23,106.88,151.62,27.05
2012-05-24,107.2,151.41,27.44
2012-05-29,107.55,151.02,27.1
2012-05-30,103.85,151.91,27.12
2012-05-31,103.86,151.62,26.96
2012-06-06,101.14,157.21,28.51
2012-06-07,100.05,154.5,27.79
2012-06-11,98.6,155.36,27.79
2012-06-12,96.59,156.46,28.12
2012-06-13,97.29,157.12,28.01
2012-06-14,96.46,157.75,27.82
2012-06-18,95.21,157.93,27.87
2012-06-19,95.14,157.16,27.64
2012-06-20,93.5,155.97,27.26
2012-06-21,89.22,152.02,26.12
2012-06-25,88.69,153.76,26.71
2012-06-26,90.19,152.62,26.3
2012-06-27,92.06,152.83,26.13
2012-06-28,91.02,151.05,25.63
2012-07-02,95.28,155.09,26.73
2012-07-03,99.89,157.46,27.49
2012-07-05,101.54,155.68,26.88
2012-07-09,99.94,154.04,26.54
2012-07-10,99.15,152.15,26.06
2012-07-11,99.23,152.99,26.25
2012-07-12,99.18,152.59,26.35
2012-07-16,102.1,154.21,26.49
2012-07-17,104.21,153.47,26.47
2012-07-18,105.92,153.05,26.42
2012-07-19,107.79,153.38,26.42
2012-07-23,103.91,153.03,26.21
2012-07-24,103.57,153.52,26.22
2012-07-25,102.35,155.67,26.53
2012-07-26,104.77,156.77,26.71
2012-07-30,106.54,157.43,27.36
2012-07-31,105.93,156.49,27.12
2012-08-01,106.78,155.14,26.54
2012-08-02,107.55,154.13,26.31
2012-08-06,110.01,156.3,27.11
2012-08-07,112.39,156.28,27.27
2012-08-08,113.42,156.48,27.21
2012-08-09,113.52,156.99,27.29
2012-08-13,114.48,155.99,26.92
2012-08-14,113.9,155.13,26.96
2012-08-15,115.51,155.63,26.97
2012-08-16,116.12,156.56,27.37
2012-08-20,115.5,157.26,27.95
2012-08-21,116.03,158.83,28.37
2012-08-22,115.77,160.54,28.92
2012-08-23,117.45,161.89,29.6
2012-08-28,112.62,161.64,29.93
2012-08-29,112.53,160.59,29.75
2012-08-30,112.28,160.52,29.44
2012-09-04,114.98,164.48,31.36
2012-09-05,113.32,164.31,31.27
2012-09-06,114.5,164.89,31.67
2012-09-10,113.84,167.29,32.29
2012-09-11,114.86,167.9,32.41
2012-09-12,114.86,167.92,32.21
2012-09-13,116.0,171.31,33.61
2012-09-17,116.7,170.4,32.99
2012-09-18,113.29,171.72,33.71
2012-09-19,108.49,171.74,33.57
2012-09-20,109.41,171.47,33.58
2012-09-24,109.2,171.05,32.93
2012-09-25,110.77,170.77,32.68
2012-09-26,108.99,169.81,32.87
2012-09-27,111.45,172.34,33.58
2012-10-01,112.58,172.29,33.65
2012-10-02,112.49,172.1,33.5
2012-10-03,109.32,172.41,33.51
2012-10-04,110.48,173.61,33.93
2012-10-08,112.6,172.05,32.97
2012-10-09,114.32,170.99,32.83
2012-10-10,116.11,170.84,32.95
2012-10-11,116.18,171.32,32.9
2012-10-15,115.0,168.35,31.66
2012-10-16,115.0,169.42,31.93
2012-10-17,113.49,169.54,32.12
2012-10-18,112.58,168.79,31.73
2012-10-22,109.62,167.58,31.39
2012-10-23,107.53,165.43,30.68
2012-10-24,107.66,164.86,30.71
2012-10-25,107.64,166.02,31.12
2012-10-31,109.89,166.83,31.27
2012-11-01,108.84,166.07,31.22
2012-11-02,106.79,162.6,29.95
2012-11-05,105.59,163.23,30.17
2012-11-06,109.27,166.3,31.01
2012-11-07,108.21,166.49,30.83
2012-11-08,107.23,167.99,31.38
2012-11-09,108.61,167.82,31.54
2012-11-12,110.23,167.45,31.37
2012-11-13,108.82,167.1,31.4
2012-11-14,109.66,167.14,31.64
2012-11-15,110.07,166.09,31.53
2012-11-16,106.81,165.88,31.21
2012-11-19,110.06,167.87,32.05
2012-11-20,110.01,167.39,32.11
2012-11-21,110.81,167.56,32.29
2012-11-23,110.14,169.61,32.98
2012-11-26,110.18,169.43,33.02
2012-11-27,109.33,168.71,32.93
2012-11-28,108.26,166.55,32.62
2012-11-29,110.47,167.18,33.13
2012-11-30,110.84,166.05,32.36
2012-12-03,111.27,166.13,32.52
2012-12-05,108.96,164.12,31.82
2012-12-06,108.01,164.5,31.93
2012-12-07,107.16,165.16,32.03
2012-12-10,108.25,165.8,32.14
2012-12-11,107.6,165.65,31.91
2012-12-12,110.17,165.77,32.37
2012-12-13,110.18,164.37,31.53
2012-12-14,109.28,164.13,31.17
2012-12-17,109.35,164.44,31.2
2012-12-18,109.96,162.08,30.65
2012-12-19,109.95,161.69,30.11
2012-12-20,110.57,159.73,29.0
2012-12-21,109.13,160.33,29.0
2012-12-24,108.44,160.62,28.94
2012-12-27,110.04,161.16,29.24
2012-12-28,110.05,160.54,29.1
2012-12-31,110.8,162.02,29.37
2013-01-02,112.98,163.17,29.92
2013-01-03,113.03,161.2,29.18
2013-01-04,112.58,160.44,29.24
2013-01-07,112.49,159.43,29.18
2013-01-08,113.03,160.56,29.38
2013-01-09,113.07,160.49,29.35
2013-01-10,112.97,161.98,29.78
2013-01-11,110.3,161.06,29.48
2013-01-14,111.32,161.54,30.04
2013-01-15,111.72,162.56,30.36
2013-01-16,110.97,162.65,30.45
2013-01-17,111.01,163.35,30.67
2013-01-18,111.71,163.09,30.81
2013-01-22,112.72,163.67,31.12
2013-01-23,113.68,163.21,31.19
2013-01-24,114.59,161.42,30.65
2013-01-25,113.88,160.65,30.21
2013-01-28,113.92,160.29,29.85
2013-01-29,115.22,160.99,30.32
2013-01-30,115.42,162.19,30.92
2013-01-31,115.55,161.2,30.44
2013-02-01,115.55,161.45,30.78
2013-02-04,116.06,162.0,30.69
2013-02-05,117.03,161.96,30.76
2013-02-06,116.61,162.39,30.81
2013-02-07,117.17,161.84,30.46
2013-02-08,118.9,161.57,30.43
2013-02-11,118.29,159.7,30.0
2013-02-12,117.89,159.89,30.09
2013-02-13,118.43,159.05,29.77
2013-02-14,118.48,158.35,29.46
2013-02-15,117.4,155.76,28.83
2013-02-19,117.04,155.33,28.45
2013-02-20,116.23,151.44,27.59
2013-02-21,114.19,152.62,27.73
2013-02-22,113.74,152.97,27.83
2013-02-25,114.55,154.34,28.07
2013-02-26,112.96,156.22,28.41
2013-02-27,112.24,154.57,28.01
2013-02-28,112.2,153.0,27.54
2013-03-01,110.14,152.44,27.62
2013-03-04,109.9,152.3,27.6
2013-03-05,110.42,152.38,27.75
2013-03-06,110.27,153.23,28.1
2013-03-07,110.42,152.69,27.91
2013-03-08,108.91,152.71,28.01
2013-03-11,108.64,152.99,28.02
2013-03-12,108.48,154.19,28.2
2013-03-13,107.51,153.66,27.94
2013-03-14,108.1,153.68,27.8
2013-03-15,109.32,154.0,27.8
2013-03-18,108.54,155.38,27.95
2013-03-19,106.91,156.08,27.93
2013-03-20,108.27,155.37,27.81
2013-03-21,106.41,156.25,28.18
2013-03-22,106.51,155.55,27.75
2013-03-25,106.66,155.24,27.84
2013-03-26,107.1,154.72,27.75
2013-03-27,108.51,155.36,27.73
2013-03-28,108.46,154.45,27.42
2013-04-02,109.66,152.43,26.35
2013-04-03,107.82,150.73,26.09
2013-04-04,105.09,150.29,25.99
2013-04-08,103.16,152.16,26.32
2013-04-09,104.08,153.34,27.03
2013-04-10,104.8,150.75,26.68
2013-04-11,103.62,151.05,26.7
2013-04-15,99.32,131.31,22.09
2013-04-16,97.88,132.8,22.67
2013-04-17,96.84,132.87,22.44
2013-04-18,97.48,134.3,22.4
2013-04-22,99.07,137.9,22.62
2013-04-23,99.25,136.88,22.18
2013-04-24,100.71,138.37,22.42
2013-04-25,101.62,141.63,23.49
2013-04-29,102.88,142.3,23.54
2013-04-30,101.53,142.77,23.46
2013-05-01,98.34,141.11,22.86
2013-05-02,100.32,141.92,23.02
2013-05-07,105.18,140.38,23.1
2013-05-08,103.79,142.46,23.12
2013-05-09,103.59,140.81,22.89
2013-05-13,102.17,138.43,22.83
2013-05-14,102.7,137.81,22.57
2013-05-15,101.57,134.63,21.76
2013-05-16,104.27,134.09,21.95
2013-05-20,104.55,135.12,22.28
2013-05-21,103.1,132.88,21.62
2013-05-22,102.14,131.94,21.51
2013-05-23,100.46,134.61,21.88
2013-05-28,103.77,133.49,21.53
2013-05-29,102.14,134.83,21.71
2013-05-30,101.79,136.7,21.98
2013-06-03,101.63,136.51,21.98
2013-06-04,102.04,135.23,21.77
2013-06-05,103.51,135.52,21.78
2013-06-06,103.37,136.53,21.93
2013-06-10,103.87,133.94,21.16
2013-06-11,101.5,133.25,20.91
2013-06-12,103.11,134.25,21.02
2013-06-13,103.38,133.74,21.04
2013-06-17,105.8,133.77,21.1
2013-06-18,105.21,132.13,20.88
2013-06-19,105.56,130.59,20.6
2013-06-20,102.72,123.6,18.97
2013-06-24,99.8,123.93,18.97
2013-06-25,101.51,123.47,18.91
2013-06-26,100.62,118.28,17.89
2013-06-27,102.74,115.94,17.89
2013-07-01,103.19,121.13,18.93
2013-07-02,103.96,120.05,18.68
2013-07-03,106.12,120.74,19.02
2013-07-08,107.75,119.51,18.42
2013-07-09,107.9,120.62,18.57
2013-07-10,108.43,120.95,18.48
2013-07-11,108.18,124.24,19.49
2013-07-15,109.05,124.18,19.28
2013-07-16,109.29,124.89,19.33
2013-07-17,109.67,123.32,18.66
2013-07-18,109.71,124.01,18.72
2013-07-22,108.82,128.84,19.77
2013-07-23,109.27,129.71,19.77
2013-07-24,108.23,127.48,19.47
2013-07-25,108.1,128.67,19.5
2013-07-29,108.1,128.47,19.14
2013-07-30,107.47,128.12,19.03
2013-07-31,107.89,127.96,19.14
2013-08-01,109.94,126.61,18.97
2013-08-05,109.81,125.7,19.01
2013-08-06,108.77,123.97,18.83
2013-08-07,108.39,124.15,18.83
2013-08-08,107.32,126.86,19.6
2013-08-12,109.28,129.13,20.62
2013-08-13,110.69,127.74,20.71
2013-08-14,110.26,129.0,21.09
2013-08-15,111.58,131.69,22.15
2013-08-19,111.41,132.01,22.34
2013-08-20,110.74,132.45,22.19
2013-08-21,110.82,132.07,22.14
2013-08-22,110.51,132.81,22.27
2013-08-27,115.21,136.75,23.59
2013-08-28,116.27,136.71,23.43
2013-08-29,116.91,135.87,23.0
2013-09-03,115.49,136.42,23.39
2013-09-04,115.65,134.66,22.69
2013-09-05,115.81,132.2,22.38
2013-09-09,115.2,133.91,22.84
2013-09-10,112.1,131.74,22.13
2013-09-11,112.37,131.7,22.29
2013-09-12,113.11,127.67,21.06
2013-09-16,110.86,126.45,20.94
2013-09-17,109.05,126.5,20.96
2013-09-18,109.09,132.01,22.31
2013-09-19,110.66,131.75,22.2
2013-09-23,108.56,127.55,20.78
2013-09-24,107.68,127.66,20.89
2013-09-25,109.46,128.79,20.98
2013-09-26,108.86,127.79,20.92
2013-09-30,107.85,128.18,20.9
2013-10-01,107.32,124.59,20.41
2013-10-02,109.09,127.06,20.92
2013-10-03,109.49,127.18,20.92
2013-10-08,110.56,127.4,21.49
2013-10-09,109.02,126.11,21.05
2013-10-10,111.63,124.27,20.83
2013-10-14,110.13,122.83,20.5
2013-10-15,110.67,123.73,20.56
2013-10-16,110.79,123.54,20.5
2013-10-17,109.55,127.42,21.05
2013-10-21,109.47,126.98,21.41
2013-10-22,109.57,129.34,21.87
2013-10-23,107.74,128.69,21.75
2013-10-24,106.63,129.9,21.87
2013-10-28,108.29,130.56,21.68
2013-10-29,108.04,129.77,21.69
2013-10-30,108.41,129.6,21.88
2013-10-31,107.53,127.74,21.1
2013-11-01,105.78,126.95,21.08
2013-11-04,104.85,126.81,20.85
2013-11-05,105.01,126.56,20.9
2013-11-06,105.46,127.2,21.0
2013-11-07,103.08,126.16,20.83
2013-11-08,104.29,124.28,20.69
2013-11-11,105.76,123.87,20.6
2013-11-12,106.29,122.45,20.0
2013-11-13,106.9,122.85,19.78
2013-11-14,108.29,124.27,20.05
2013-11-15,108.25,124.32,20.0
2013-11-18,108.8,122.9,19.67
2013-11-19,108.29,122.95,19.61
2013-11-20,108.27,120.12,19.14
2013-11-21,109.9,119.94,19.24
2013-11-22,111.36,119.92,19.13
2013-11-25,110.83,120.46,19.27
2013-11-26,112.04,119.82,19.13
2013-11-27,111.32,119.46,18.96
2013-11-29,111.07,120.7,19.24
2013-12-02,111.49,117.58,18.46
2013-12-03,113.06,117.96,18.42
2013-12-04,113.27,119.96,19.0
2013-12-05,112.07,118.3,18.69
2013-12-06,111.5,118.55,18.76
2013-12-09,110.07,119.72,19.12
2013-12-10,108.91,121.82,19.66
2013-12-11,109.47,120.86,19.55
2013-12-12,108.99,118.29,18.81
2013-12-13,108.08,119.38,18.95
2013-12-16,110.3,119.69,19.22
2013-12-17,108.91,118.65,19.14
2013-12-18,109.56,117.61,19.09
2013-12-19,110.78,114.82,18.49
2013-12-20,112.15,115.94,18.62
2013-12-23,111.58,115.57,18.72
2013-12-24,111.57,116.1,18.76
2013-12-27,112.06,117.12,19.27
2013-12-30,110.47,115.39,18.85
2013-12-31,109.95,116.12,18.71
2014-01-02,107.94,118.0,19.23
2014-01-03,106.57,119.29,19.42
2014-01-06,106.71,119.5,19.42
2014-01-07,107.01,118.82,19.13
2014-01-08,107.42,118.12,18.83
2014-01-09,107.49,118.46,18.84
2014-01-10,106.44,120.26,19.38
2014-01-13,108.02,121.02,19.68
2014-01-14,107.12,119.89,19.42
2014-01-15,108.09,119.66,19.4
2014-01-16,107.46,119.79,19.35
2014-01-17,108.45,120.93,19.51
2014-01-21,109.17,119.7,19.17
2014-01-22,109.69,119.19,19.03
2014-01-23,109.69,121.79,19.26
2014-01-24,109.14,122.29,19.16
2014-01-27,108.72,120.96,18.89
2014-01-28,109.1,120.95,18.85
2014-01-29,108.83,122.47,19.02
2014-01-30,109.36,119.77,18.49
2014-01-31,108.16,120.09,18.45
2014-02-03,106.55,121.32,18.61
2014-02-04,107.04,120.99,18.75
2014-02-05,106.81,121.29,19.07
2014-02-06,108.15,121.24,19.17
2014-02-07,110.12,122.17,19.27
2014-02-10,110.18,122.92,19.29
2014-02-11,109.21,124.36,19.45
2014-02-12,108.62,124.43,19.43
2014-02-13,108.98,125.49,19.74
2014-02-14,108.63,127.15,20.65
2014-02-18,110.14,127.4,21.13
2014-02-19,110.37,126.27,20.63
2014-02-20,109.42,127.6,21.0
2014-02-21,109.03,127.58,20.97
2014-02-24,109.76,128.99,21.18
2014-02-25,109.19,129.21,21.02
2014-02-26,109.39,128.11,20.42
2014-02-27,108.54,128.2,20.46
2014-02-28,108.98,127.62,20.35
2014-03-03,111.26,130.29,20.62
2014-03-04,109.17,128.68,20.37
2014-03-05,108.15,128.89,20.36
2014-03-06,107.99,130.17,20.66
2014-03-07,109.14,129.09,20.08
2014-03-10,108.27,129.13,20.01
2014-03-11,108.35,129.86,20.04
2014-03-12,107.88,131.76,20.47
2014-03-13,107.48,132.21,20.36
2014-03-14,108.08,133.1,20.62
2014-03-17,106.99,131.64,20.33
2014-03-18,106.79,130.62,20.01
2014-03-19,105.95,128.09,19.79
2014-03-20,105.73,127.86,19.52
2014-03-21,107.2,128.47,19.52
2014-03-24,106.59,126.18,19.21
2014-03-25,107.01,126.41,19.22
2014-03-26,105.9,125.41,19.02
2014-03-27,106.58,124.59,19.0
2014-03-28,106.64,124.56,19.06
2014-03-31,105.95,123.61,19.04
2014-04-01,105.7,123.39,19.06
2014-04-02,103.37,124.32,19.19
2014-04-03,104.88,123.92,19.06
2014-04-07,104.89,124.91,19.13
2014-04-08,105.83,126.09,19.23
2014-04-09,107.39,126.32,19.11
2014-04-10,107.1,127.01,19.27
2014-04-14,107.68,127.85,19.21
2014-04-15,109.1,125.49,18.88
2014-04-16,109.71,125.54,18.88
2014-04-17,109.79,124.75,18.88
2014-04-22,108.54,123.78,18.71
2014-04-23,108.48,123.76,18.69
2014-04-24,109.79,124.56,18.92
2014-04-28,109.12,124.88,18.85
2014-04-29,109.89,124.86,18.76
2014-04-30,108.63,124.22,18.46
2014-05-01,108.63,123.8,18.35
2014-05-06,108.3,125.98,18.8
2014-05-07,108.17,124.17,18.57
2014-05-08,108.19,124.17,18.44
2014-05-12,108.37,124.94,18.78
2014-05-13,108.78,124.6,18.77
2014-05-14,109.87,125.81,19.0
2014-05-15,109.74,124.77,18.74
2014-05-19,110.84,124.58,18.63
2014-05-20,110.35,124.69,18.65
2014-05-21,111.32,124.39,18.64
2014-05-22,110.89,124.67,18.73
2014-05-27,109.81,121.85,18.36
2014-05-28,109.09,121.2,18.28
2014-05-29,109.98,120.94,18.3
2014-06-02,109.34,119.7,18.02
2014-06-03,108.87,120.01,18.1
2014-06-04,109.07,119.76,18.06
2014-06-05,108.43,120.66,18.26
2014-06-09,110.55,120.65,18.32
2014-06-10,109.18,121.39,18.46
2014-06-11,109.83,121.41,18.46
2014-06-12,112.18,122.64,18.76
2014-06-16,113.42,122.42,18.85
2014-06-17,114.02,122.28,18.94
2014-06-18,114.25,122.67,19.05
2014-06-19,115.19,126.94,19.92
2014-06-23,113.62,126.85,20.05
2014-06-24,113.74,126.98,20.08
2014-06-25,112.84,126.99,20.19
2014-06-26,112.61,126.73,20.24
2014-06-30,111.03,128.04,20.25
2014-07-01,110.84,127.7,20.21
2014-07-02,110.18,127.7,20.3
2014-07-03,108.98,127.16,20.29
2014-07-07,108.7,127.02,20.17
2014-07-08,107.65,127.07,20.21
2014-07-09,106.84,127.84,20.27
2014-07-10,106.2,128.54,20.52
2014-07-14,104.73,125.72,20.1
2014-07-15,104.73,124.53,19.88
2014-07-16,105.41,124.97,19.91
2014-07-17,106.04,127.09,20.29
2014-07-21,105.71,126.34,20.1
2014-07-22,106.48,125.74,20.1
2014-07-23,106.85,125.62,20.08
2014-07-24,105.78,124.35,19.58
2014-07-28,106.7,125.58,19.81
2014-07-29,106.98,125.2,19.78
2014-07-30,106.47,124.83,19.78
2014-07-31,104.94,123.39,19.58
2014-08-04,103.63,123.99,19.4
2014-08-05,102.82,123.87,19.05
2014-08-06,104.17,125.67,19.23
2014-08-07,104.02,126.18,19.17
2014-08-11,103.47,125.96,19.23
2014-08-12,101.68,125.99,19.17
2014-08-13,102.27,126.2,19.04
2014-08-14,101.15,126.31,19.1
2014-08-18,99.37,124.96,18.87
2014-08-19,99.74,124.68,18.7
2014-08-20,99.92,124.22,18.72
2014-08-21,100.28,122.88,18.69
2014-08-26,100.5,123.35,18.63
2014-08-27,100.4,123.32,18.66
2014-08-28,100.71,124.0,18.74
2014-09-02,100.21,121.65,18.41
2014-09-03,100.88,122.15,18.43
2014-09-04,101.21,121.48,18.32
2014-09-08,99.53,120.73,18.26
2014-09-09,98.08,120.87,18.31
2014-09-10,96.26,120.26,18.24
2014-09-11,96.42,119.47,17.96
2014-09-15,96.43,118.64,17.92
2014-09-16,97.39,118.83,17.95
2014-09-17,97.7,117.54,17.77
2014-09-18,96.82,117.78,17.77
2014-09-22,95.37,116.85,17.08
2014-09-23,94.87,117.6,17.07
2014-09-24,94.53,117.05,16.99
2014-09-25,95.2,117.39,16.83
2014-09-29,95.7,117.03,16.78
2014-09-30,94.67,116.21,16.35
2014-10-01,94.57,116.77,16.48
2014-10-02,91.29,116.74,16.41
2014-10-06,90.65,116.03,16.6
2014-10-07,90.9,116.36,16.48
2014-10-08,90.25,117.47,16.68
2014-10-09,90.47,117.64,16.62
2014-10-13,87.82,118.52,16.73
2014-10-14,86.36,118.59,16.68
2014-10-15,84.02,118.99,16.71
2014-10-16,84.02,119.22,16.67
2014-10-20,84.42,119.8,16.73
2014-10-21,85.17,120.02,16.81
2014-10-22,86.38,119.34,16.46
2014-10-23,85.94,118.52,16.5
2014-10-27,85.64,118.06,16.42
2014-10-28,85.57,118.1,16.49
2014-10-29,86.91,116.41,16.38
2014-10-30,85.5,115.19,15.82
2014-10-31,84.17,112.66,15.5
2014-11-03,84.9,112.15,15.48
2014-11-04,82.12,112.22,15.36
2014-11-05,82.88,109.79,14.66
2014-11-06,82.08,109.88,14.82
2014-11-07,83.2,112.97,15.1
2014-11-10,82.9,110.46,14.92
2014-11-11,80.94,112.04,15.11
2014-11-12,80.42,111.5,15.03
2014-11-13,77.74,111.67,14.97
2014-11-14,77.51,114.47,15.63
2014-11-17,76.86,114.05,15.5
2014-11-18,77.23,115.05,15.55
2014-11-19,77.21,113.68,15.48
2014-11-20,77.61,114.86,15.6
2014-11-21,79.2,115.39,15.79
2014-11-24,79.62,115.11,15.78
2014-11-25,77.62,115.38,15.98
2014-11-26,77.39,115.16,15.87
2014-11-28,71.89,112.11,14.83
2014-12-01,70.87,116.58,15.78
2014-12-02,71.13,115.14,15.75
2014-12-03,70.13,116.33,15.73
2014-12-04,68.48,115.88,15.77
2014-12-05,68.0,114.43,15.61
2014-12-08,65.64,115.78,15.71
2014-12-09,66.11,118.19,16.32
2014-12-10,63.32,117.96,16.37
2014-12-11,63.65,117.69,16.33
2014-12-12,61.67,117.41,16.3
2014-12-15,61.09,114.39,15.47
2014-12-16,60.26,114.95,15.08
2014-12-17,59.84,114.27,15.1
2014-12-18,58.81,115.15,15.25
2014-12-19,58.87,114.77,15.39
2014-12-22,58.31,112.55,14.99
2014-12-23,59.07,112.74,15.04
2014-12-24,58.67,112.77,15.09
2014-12-29,57.86,113.67,15.11
2014-12-30,55.6,115.2,15.58
2014-12-31,55.27,113.58,15.06
2015-01-02,55.38,114.08,15.11
2015-01-05,51.08,115.8,15.5
2015-01-06,50.12,117.12,15.83
2015-01-07,49.06,116.43,15.85
2015-01-08,49.43,115.94,15.64
2015-01-09,47.64,117.26,15.77
2015-01-12,46.9,118.56,15.87
2015-01-13,45.13,118.16,16.29
2015-01-14,45.82,117.97,16.13
2015-01-15,47.66,120.94,16.15
2015-01-16,47.38,122.52,16.95
2015-01-20,46.49,124.2,17.18
2015-01-21,46.5,124.23,17.37
2015-01-22,46.09,125.23,17.61
2015-01-23,46.69,124.23,17.51
2015-01-26,46.07,122.99,17.13
2015-01-27,46.55,124.4,17.33
2015-01-28,47.07,123.42,17.23
2015-01-29,46.61,120.76,16.24
2015-01-30,47.52,123.45,16.54
2015-02-02,51.74,122.42,16.47
2015-02-03,54.41,121.05,16.55
2015-02-04,55.07,121.58,16.63
2015-02-05,55.98,121.79,16.58
2015-02-06,55.88,118.64,16.03
2015-02-09,57.0,119.17,16.32
2015-02-10,55.79,118.47,16.19
2015-02-11,53.48,117.07,16.08
2015-02-12,56.23,117.34,16.15
2015-02-13,60.33,117.98,16.54
2015-02-17,60.78,116.01,15.83
2015-02-18,60.72,116.34,15.75
2015-02-19,58.78,115.94,15.7
2015-02-20,60.99,115.28,15.54
2015-02-23,59.78,115.43,15.63
2015-02-24,60.33,115.26,15.56
2015-02-25,59.77,115.7,15.83
2015-02-26,61.39,116.07,15.84
2015-02-27,61.89,116.16,15.87
2015-03-02,60.75,115.68,15.66
2015-03-03,61.18,115.47,15.58
2015-03-04,59.18,115.11,15.49
2015-03-05,60.33,115.0,15.53
2015-03-06,59.15,111.86,15.19
2015-03-09,58.67,111.97,15.1
2015-03-10,55.95,111.42,15.02
2015-03-11,56.46,110.75,14.84
2015-03-12,56.66,110.72,14.92
2015-03-13,54.8,110.88,14.9
2015-03-16,52.0,110.81,14.99
2015-03-17,52.17,110.21,14.9
2015-03-18,52.59,112.37,15.36
2015-03-19,52.96,112.29,15.44
2015-03-20,53.88,113.57,16.0
2015-03-23,53.82,114.29,16.3
2015-03-24,53.61,114.57,16.28
2015-03-25,54.18,114.73,16.24
2015-03-26,57.02,115.48,16.3
2015-03-27,56.44,115.06,16.22
2015-03-30,53.99,113.75,15.98
2015-03-31,53.69,113.66,15.93
2015-04-01,55.73,115.6,16.23
2015-04-02,55.73,115.28,16.02
2015-04-07,57.55,116.11,16.15
2015-04-08,56.42,115.47,15.81
2015-04-09,56.04,114.67,15.51
2015-04-13,57.14,115.14,15.6
2015-04-14,57.69,114.44,15.51
2015-04-15,59.32,115.43,15.63
2015-04-16,60.13,115.03,15.57
2015-04-20,61.2,114.72,15.29
2015-04-21,60.12,115.38,15.32
2015-04-22,60.12,113.83,15.11
2015-04-23,62.66,114.66,15.21
2015-04-27,62.86,115.33,15.66
2015-04-28,62.61,116.33,15.87
2015-04-29,63.97,115.51,15.81
2015-04-30,63.9,113.47,15.43
2015-05-05,65.44,114.42,15.81
2015-05-06,66.22,114.36,15.77
2015-05-07,64.93,113.42,15.6
2015-05-11,62.82,113.53,15.57
2015-05-12,65.09,114.5,15.81
2015-05-13,66.33,116.55,16.35
2015-05-14,65.58,117.18,16.65
2015-05-18,65.15,117.52,16.89
2015-05-19,63.48,115.89,16.38
2015-05-20,63.52,116.08,16.37
2015-05-21,64.7,115.69,16.39
2015-05-26,61.65,113.91,16.02
2015-05-27,61.35,113.89,15.96
2015-05-28,60.12,114.02,15.97
2015-06-01,62.87,114.0,16.0
2015-06-02,63.14,114.46,16.07
2015-06-03,62.78,113.64,15.83
2015-06-04,60.34,112.84,15.48
2015-06-08,61.33,112.57,15.32
2015-06-09,63.23,112.82,15.29
2015-06-10,64.68,113.78,15.32
2015-06-11,63.76,113.26,15.33
2015-06-15,60.99,113.73,15.4
2015-06-16,60.75,113.32,15.32
2015-06-17,60.75,113.85,15.45
2015-06-18,61.37,115.32,15.46
2015-06-22,60.54,113.64,15.49
2015-06-23,61.67,112.89,15.14
2015-06-24,61.63,112.59,15.19
2015-06-25,60.24,112.44,15.17
2015-06-29,59.03,113.07,15.03
2015-06-30,60.31,112.37,15.03
2015-07-01,61.65,111.98,14.9
2015-07-02,61.73,111.76,14.95
2015-07-06,57.19,112.06,14.99
2015-07-07,54.72,110.76,14.43
2015-07-08,55.7,111.09,14.46
2015-07-09,57.83,111.36,14.76
2015-07-13,57.63,110.99,14.81
2015-07-14,57.2,110.74,14.7
2015-07-15,57.34,110.16,14.43
2015-07-16,57.31,109.76,14.35
2015-07-20,56.42,105.7,14.05
2015-07-21,55.94,105.37,14.14
2015-07-22,56.36,104.8,14.14
2015-07-23,55.76,104.33,14.0
2015-07-27,54.07,104.86,13.92
2015-07-28,54.3,105.02,14.02
2015-07-29,54.73,105.17,14.15
2015-07-30,54.29,104.27,14.09
2015-08-03,49.49,104.1,13.87
2015-08-04,49.08,104.31,13.92
2015-08-05,49.04,103.93,13.95
2015-08-06,47.8,104.39,13.99
2015-08-10,48.3,105.72,14.54
2015-08-11,47.33,106.26,14.64
2015-08-12,48.29,107.75,14.82
2015-08-13,48.01,106.86,14.71
2015-08-17,47.77,107.13,14.63
2015-08-18,47.0,107.11,14.21
2015-08-19,45.75,108.55,14.57
2015-08-20,45.63,110.44,14.78
2015-08-24,41.59,110.53,14.13
2015-08-25,41.86,109.16,13.99
2015-08-26,41.76,107.67,13.56
2015-08-27,44.46,107.73,13.8
2015-09-01,48.8,109.2,13.94
2015-09-02,47.67,108.62,14.02
2015-09-03,50.41,107.84,14.02
2015-09-08,48.88,107.52,14.12
2015-09-09,48.04,106.13,13.93
2015-09-10,47.77,106.38,13.99
2015-09-14,45.87,106.22,13.79
2015-09-15,45.91,105.9,13.77
2015-09-16,49.35,107.31,14.22
2015-09-17,48.27,108.41,14.42
2015-09-22,46.69,107.79,14.14
2015-09-23,48.0,108.22,14.12
2015-09-24,47.06,110.49,14.44
2015-09-28,46.04,108.42,13.94
2015-09-29,47.58,107.98,13.97
2015-09-30,47.29,106.86,13.87
2015-10-01,47.48,106.73,13.9
2015-10-05,49.45,108.77,14.89
2015-10-06,51.34,109.86,15.07
2015-10-07,51.66,109.7,15.29
2015-10-08,52.13,109.14,14.99
2015-10-12,50.95,111.31,15.13
2015-10-13,48.94,111.86,15.16
2015-10-14,48.25,113.81,15.42
2015-10-15,47.87,113.29,15.39
2015-10-19,47.51,112.02,15.11
2015-10-20,46.93,112.73,15.19
2015-10-21,46.72,111.73,14.99
2015-10-22,46.59,111.69,15.11
2015-10-26,46.57,111.43,15.11
2015-10-27,45.54,111.68,15.13
2015-10-28,47.6,110.75,15.26
2015-10-29,48.04,109.72,14.88
2015-10-30,48.0,109.3,14.8
2015-11-02,47.91,108.59,14.72
2015-11-03,48.0,106.98,14.58
2015-11-04,46.96,105.97,14.38
2015-11-05,47.19,105.64,14.3
2015-11-06,46.09,104.1,14.08
2015-11-09,45.38,104.4,13.89
2015-11-10,46.44,104.18,13.76
2015-11-11,44.98,103.83,13.64
2015-11-12,44.98,103.85,13.64
2015-11-13,41.98,103.56,13.59
2015-11-16,40.28,103.71,13.6
2015-11-17,41.28,102.34,13.55
2015-11-18,41.45,102.43,13.52
2015-11-19,42.22,103.56,13.62
2015-11-20,42.49,103.09,13.5
2015-11-23,43.7,102.26,13.45
2015-11-24,44.38,102.94,13.51
2015-11-25,43.56,102.46,13.52
2015-11-27,43.07,101.25,13.46
2015-11-30,43.73,101.92,13.44
2015-12-01,42.97,102.28,13.51
2015-12-02,41.92,100.69,13.37
2015-12-03,42.0,101.76,13.46
2015-12-04,41.44,104.02,13.87
2015-12-07,39.69,102.67,13.62
2015-12-08,39.44,102.84,13.51
2015-12-09,39.04,102.64,13.49
2015-12-10,38.65,102.55,13.45
2015-12-11,36.99,103.11,13.3
2015-12-14,36.51,101.79,13.06
2015-12-15,37.66,101.52,13.11
2015-12-16,36.96,102.75,13.49
2015-12-17,36.29,100.5,13.08
2015-12-18,36.76,102.04,13.43
2015-12-21,35.34,103.15,13.59
2015-12-22,35.26,102.61,13.59
2015-12-23,35.79,102.31,13.62
2015-12-24,37.22,103.05,13.69
2015-12-29,36.85,102.2,13.27
2015-12-30,35.65,101.42,13.21
2015-12-31,36.61,101.46,13.19
2016-01-04,36.28,102.89,13.19
2016-01-05,35.56,103.18,13.31
2016-01-06,33.89,104.67,13.36
2016-01-07,33.57,106.15,13.62
2016-01-08,31.67,105.68,13.3
2016-01-11,30.14,104.74,13.22
2016-01-12,29.14,104.21,13.17
2016-01-13,28.58,104.72,13.49
2016-01-14,28.84,103.02,13.19
2016-01-15,28.8,104.08,13.24
2016-01-19,27.36,103.98,13.36
2016-01-20,26.01,105.37,13.48
2016-01-21,27.59,105.49,13.46
2016-01-22,30.46,105.0,13.38
2016-01-25,29.82,106.08,13.58
2016-01-26,30.94,107.29,13.82
2016-01-27,31.83,107.69,13.81
2016-01-28,33.01,106.54,13.57
2016-01-29,33.14,106.95,13.59
2016-02-01,32.45,108.05,13.67
2016-02-02,30.98,108.09,13.62
2016-02-03,32.38,109.25,13.95
2016-02-04,32.76,110.57,14.17
2016-02-05,32.35,112.32,14.34
2016-02-08,31.64,113.83,14.59
2016-02-09,30.15,113.58,14.51
2016-02-10,29.64,114.46,14.55
2016-02-11,28.82,119.06,14.95
2016-02-12,31.8,118.36,14.99
2016-02-16,31.09,114.77,14.51
2016-02-17,33.21,115.48,14.54
2016-02-18,33.2,118.29,14.76
2016-02-19,31.66,117.58,14.64
2016-02-22,33.59,115.49,14.43
2016-02-23,31.9,117.22,14.54
2016-02-24,31.5,117.61,14.52
2016-02-25,32.83,117.92,14.41
2016-02-26,35.76,117.11,14.02
2016-02-29,35.92,118.64,14.2
2016-03-01,35.73,117.77,14.17
2016-03-02,36.38,118.68,14.25
2016-03-03,35.75,120.73,14.5
2016-03-04,37.61,120.54,14.76
2016-03-07,39.02,121.14,14.9
2016-03-08,39.16,120.58,14.62
2016-03-09,40.26,119.58,14.53
2016-03-10,38.63,121.5,14.82
2016-03-11,39.41,119.41,14.72
2016-03-14,38.06,117.87,14.58
2016-03-15,37.49,117.96,14.54
2016-03-16,38.38,120.59,14.87
2016-03-17,39.29,120.13,15.16
2016-03-18,39.26,119.8,15.03
2016-03-21,39.91,118.96,15.06
2016-03-22,40.54,119.31,15.12
2016-03-23,38.84,116.61,14.51
2016-03-24,38.33,116.33,14.43
2016-03-29,36.75,118.76,14.6
2016-03-30,36.75,117.1,14.49
2016-03-31,36.75,117.64,14.68
2016-04-04,36.05,116.15,14.2
2016-04-05,35.88,117.66,14.42
2016-04-06,37.77,116.94,14.34
2016-04-07,37.15,118.61,14.48
2016-04-11,41.58,120.03,15.14
2016-04-12,43.02,120.05,15.41
2016-04-13,42.81,118.77,15.44
2016-04-14,43.02,117.11,15.34
2016-04-18,41.64,117.74,15.42
2016-04-19,43.02,119.58,16.12
2016-04-20,43.09,118.97,16.14
2016-04-21,43.48,119.42,16.21
2016-04-25,42.97,118.23,16.17
2016-04-26,43.94,118.7,16.29
2016-04-27,44.17,119.04,16.38
2016-04-28,45.6,121.29,16.77
2016-05-03,43.09,122.96,16.57
2016-05-04,43.08,122.21,16.49
2016-05-05,44.39,122.07,16.51
2016-05-09,42.43,120.65,16.12
2016-05-10,44.01,120.98,16.28
2016-05-11,46.08,122.12,16.56
2016-05-12,46.43,121.16,16.22
2016-05-16,48.49,121.8,16.32
2016-05-17,48.71,122.22,16.41
2016-05-18,48.93,120.1,16.0
2016-05-19,47.01,119.87,15.67
2016-05-23,47.77,119.37,15.59
2016-05-24,48.42,117.3,15.42
2016-05-25,48.87,116.98,15.5
2016-05-26,49.52,116.58,15.53
2016-05-31,49.26,116.06,15.19
2016-06-01,48.81,115.94,15.17
2016-06-02,49.05,115.67,15.22
2016-06-06,48.94,118.92,15.68
2016-06-07,49.76,118.82,15.6
2016-06-08,50.73,120.58,16.21
2016-06-09,50.59,121.25,16.47
2016-06-13,49.36,122.64,16.58
2016-06-14,47.88,122.77,16.54
2016-06-15,47.47,123.68,16.69
2016-06-16,45.66,122.38,16.31
2016-06-20,48.68,123.21,16.65
2016-06-21,48.18,120.84,16.38
2016-06-22,48.43,120.9,16.42
2016-06-23,48.63,120.11,16.49
2016-06-27,45.07,126.68,16.87
2016-06-28,46.29,125.32,16.91
2016-06-29,48.4,125.84,17.37
2016-06-30,48.05,126.47,17.86
2016-07-05,45.64,129.47,18.98
2016-07-06,45.7,130.23,19.1
2016-07-07,45.93,129.74,18.71
2016-07-11,44.04,129.29,19.3
2016-07-12,46.72,127.15,19.09
2016-07-13,44.67,128.32,19.39
2016-07-14,46.01,127.33,19.25
2016-07-18,45.35,127.04,19.1
2016-07-19,45.7,127.21,18.92
2016-07-20,45.82,125.39,18.42
2016-07-21,44.99,127.3,18.88
2016-07-25,43.76,125.47,18.54
2016-07-26,43.56,126.0,18.66
2016-07-27,42.78,128.03,19.37
2016-07-28,41.87,127.66,19.21
2016-08-01,40.17,129.22,19.43
2016-08-02,40.0,130.27,19.6
2016-08-03,40.45,129.65,19.38
2016-08-04,41.33,129.87,19.35
2016-08-08,43.24,127.44,18.74
2016-08-09,43.37,127.96,18.87
2016-08-10,42.19,128.56,19.16
2016-08-11,44.23,127.67,18.96
2016-08-15,47.31,127.84,18.83
2016-08-16,48.27,128.47,18.82
2016-08-17,48.58,128.5,18.68
2016-08-18,49.46,129.11,18.77
2016-08-22,48.1,127.78,17.97
2016-08-23,48.7,127.76,17.93
2016-08-24,47.56,126.34,17.62
2016-08-25,49.25,126.23,17.63
2016-08-30,47.94,125.03,17.67
2016-08-31,47.94,124.78,17.72
2016-09-01,45.05,125.29,17.94
2016-09-06,46.21,128.71,19.05
2016-09-07,47.0,128.27,18.78
2016-09-08,49.23,127.59,18.62
2016-09-12,47.82,126.59,18.17
2016-09-13,46.48,125.75,17.93
2016-09-14,45.65,126.18,18.02
2016-09-15,45.83,125.37,18.04
2016-09-19,46.04,125.32,18.2
2016-09-20,45.24,125.44,18.27
2016-09-21,45.99,127.27,18.85
2016-09-22,47.21,127.57,18.9
2016-09-26,46.61,127.55,18.41
2016-09-27,44.95,126.62,18.17
2016-09-28,45.49,126.22,18.21
2016-09-29,48.43,126.07,18.11
2016-10-03,48.61,125.32,17.87
2016-10-04,48.81,120.97,16.94
2016-10-05,49.57,120.78,16.85
2016-10-06,50.14,119.66,16.44
2016-10-10,51.54,120.16,16.73
2016-10-11,50.48,119.55,16.56
2016-10-12,49.53,119.74,16.65
2016-10-13,49.29,120.03,16.61
2016-10-17,49.31,119.68,16.57
2016-10-18,49.81,120.42,16.72
2016-10-19,51.85,121.11,16.79
2016-10-20,50.42,120.74,16.64
2016-10-24,49.8,120.56,16.7
2016-10-25,49.08,121.47,16.86
2016-10-26,48.98,120.79,16.71
2016-10-27,49.13,121.01,16.73
2016-10-31,46.2,121.94,16.97
2016-11-01,45.77,122.73,17.41
2016-11-02,44.26,123.64,17.56
2016-11-03,43.84,124.3,17.42
2016-11-04,43.06,124.39,17.46
2016-11-07,42.83,122.15,17.29
2016-11-08,43.47,121.64,17.4
2016-11-09,43.88,121.56,17.45
2016-11-10,43.67,119.75,17.56
2016-11-11,41.61,117.1,16.47
2016-11-14,41.83,116.11,16.0
2016-11-15,44.15,117.12,16.19
2016-11-16,45.07,116.77,16.09
2016-11-17,44.57,116.17,15.84
2016-11-18,44.41,115.15,15.73
2016-11-21,45.96,115.58,15.72
2016-11-22,46.1,115.54,15.8
2016-11-23,46.54,113.25,15.52
2016-11-25,46.32,112.61,15.63
2016-11-28,46.64,113.8,15.77
2016-11-29,44.68,113.27,15.78
2016-11-30,47.95,111.75,15.66
2016-12-01,52.28,111.54,15.66
2016-12-02,52.35,112.14,15.83
2016-12-05,53.3,111.54,15.88
2016-12-06,52.31,111.43,15.85
2016-12-07,51.9,111.83,16.23
2016-12-08,51.6,111.57,16.14
2016-12-09,52.19,110.4,15.97
2016-12-12,53.99,110.82,16.19
2016-12-13,53.28,110.45,16.04
2016-12-14,53.15,108.83,15.93
2016-12-15,51.72,107.34,15.18
2016-12-16,54.15,108.05,15.27
2016-12-19,53.53,108.59,15.17
2016-12-20,54.56,107.79,15.24
2016-12-21,53.01,107.85,15.12
2016-12-22,54.04,107.59,14.98
2016-12-23,53.93,107.93,14.91
2016-12-28,54.95,108.86,15.2
2016-12-29,54.97,110.29,15.32
2016-12-30,54.96,109.61,15.11
2017-01-03,55.05,110.47,15.44
2017-01-04,54.57,110.86,15.58
2017-01-05,54.99,112.58,15.76
2017-01-06,55.9,111.75,15.64
2017-01-09,54.39,112.67,15.7
2017-01-10,53.2,113.15,15.91
2017-01-11,53.61,113.5,15.87
2017-01-12,54.51,113.91,15.91
2017-01-13,54.37,114.21,15.94
2017-01-17,54.68,115.85,16.28
2017-01-18,53.77,114.87,16.19
2017-01-19,53.18,114.77,16.12
2017-01-20,55.04,115.05,16.19
2017-01-23,54.8,115.79,16.29
2017-01-24,54.7,115.27,16.22
2017-01-25,54.34,114.32,16.1
2017-01-26,55.89,113.26,15.93
2017-01-27,54.8,113.49,16.22
2017-01-30,54.77,113.97,16.23
2017-01-31,55.25,115.55,16.63
2017-02-01,55.79,115.2,16.61
2017-02-02,55.94,115.84,16.56
2017-02-03,55.92,116.13,16.57
2017-02-06,55.02,117.7,16.82
2017-02-07,53.79,117.46,16.79
2017-02-08,54.42,118.19,16.84
2017-02-09,53.98,117.29,16.75
2017-02-10,55.2,117.6,17.02
2017-02-13,54.15,116.8,16.89
2017-02-14,54.96,116.93,17.01
2017-02-15,54.57,117.45,17.04
2017-02-16,54.16,118.08,17.15
2017-02-17,54.48,117.68,17.06
2017-02-21,56.34,117.75,17.03
2017-02-22,54.9,117.91,17.11
2017-02-23,55.82,118.94,17.24
2017-02-24,54.69,119.7,17.4
2017-02-27,54.65,119.12,17.27
2017-02-28,53.36,119.23,17.37
2017-03-01,55.72,119.06,17.44
2017-03-02,54.16,117.58,16.8
2017-03-03,54.12,117.51,16.98
2017-03-06,54.73,116.72,16.83
2017-03-07,54.61,115.78,16.55
2017-03-08,53.3,115.06,16.32
2017-03-09,50.65,114.47,16.06
2017-03-10,50.63,114.72,16.15
2017-03-13,50.1,114.74,16.07
2017-03-14,49.6,114.12,15.99
2017-03-15,50.63,116.25,16.43
2017-03-16,50.56,116.73,16.4
2017-03-17,50.58,116.99,16.47
2017-03-20,50.67,117.51,16.5
2017-03-21,50.14,118.54,16.61
2017-03-22,49.56,118.83,16.62
2017-03-23,50.17,118.67,16.67
2017-03-24,49.97,118.86,16.81
2017-03-27,50.12,119.53,17.15
2017-03-28,50.72,119.04,17.18
2017-03-29,51.36,119.33,17.25
2017-03-30,52.25,118.47,17.15
2017-04-03,52.04,119.35,17.24
2017-04-04,53.08,119.62,17.33
2017-04-05,53.41,119.62,17.32
2017-04-06,53.62,119.18,17.26
2017-04-10,54.79,119.46,17.0
2017-04-11,54.73,121.19,17.31
2017-04-12,54.75,122.02,17.46
2017-04-13,55.05,122.6,17.53
2017-04-18,52.6,122.82,17.34
2017-04-19,52.43,121.73,17.18
2017-04-20,50.66,121.96,17.06
2017-04-24,49.45,121.48,16.98
2017-04-25,49.37,120.25,16.68
2017-04-26,49.99,120.84,16.57
2017-04-27,49.46,120.39,16.37
2017-05-02,49.31,119.65,15.93
2017-05-03,48.82,117.98,15.59
2017-05-04,47.53,116.79,15.43
2017-05-08,46.61,116.75,15.41
2017-05-09,47.06,116.05,15.3
2017-05-10,48.09,116.04,15.35
2017-05-11,49.18,116.5,15.45
2017-05-15,51.29,117.14,15.75
2017-05-16,51.21,117.65,15.93
2017-05-17,51.76,119.79,16.0
2017-05-18,51.71,118.81,15.71
2017-05-22,53.35,119.9,16.23
2017-05-23,53.19,119.14,16.15
2017-05-24,53.29,119.61,16.28
2017-05-25,52.25,119.48,16.23
2017-05-30,50.65,120.14,16.47
2017-05-31,49.4,120.62,16.39
2017-06-01,50.41,120.72,16.38
2017-06-05,48.25,121.73,16.63
2017-06-06,48.11,123.1,16.76
2017-06-07,47.08,122.45,16.65
2017-06-08,46.3,121.65,16.49
2017-06-12,47.18,120.36,16.04
2017-06-13,46.95,120.48,15.95
2017-06-14,45.47,119.82,15.95
2017-06-15,45.61,119.32,15.88
2017-06-19,45.93,118.43,15.61
2017-06-20,43.98,118.18,15.59
2017-06-21,44.62,118.52,15.54
2017-06-22,44.46,118.92,15.68
2017-06-26,44.09,118.36,15.68
2017-06-27,46.17,118.81,15.79
2017-06-28,46.45,118.9,15.92
2017-06-29,47.02,118.32,15.73
2017-07-03,49.13,116.09,15.3
2017-07-05,47.58,116.52,15.18
2017-07-06,48.53,116.47,15.15
2017-07-11,46.68,115.62,14.99
2017-07-12,46.73,116.03,15.05
2017-07-13,47.65,115.82,14.87
2017-07-17,47.66,117.29,15.22
2017-07-18,47.92,118.11,15.38
2017-07-19,48.34,118.08,15.4
2017-07-20,48.54,118.24,15.42
2017-07-24,47.81,119.31,15.58
2017-07-25,49.19,118.92,15.59
2017-07-26,50.08,119.88,15.75
2017-07-27,50.67,119.79,15.68
2017-07-31,51.99,120.75,15.9
2017-08-01,50.77,120.65,15.79
2017-08-02,52.09,120.4,15.67
2017-08-03,52.88,120.59,15.72
2017-08-07,51.42,119.51,15.33
2017-08-08,52.18,119.86,15.56
2017-08-09,52.16,121.31,15.98
2017-08-10,52.59,122.21,16.18
2017-08-14,51.29,121.92,16.13
2017-08-15,49.9,120.98,15.74
2017-08-16,50.39,121.87,16.15
2017-08-17,50.37,122.49,16.12
2017-08-21,51.94,122.76,16.07
2017-08-22,52.29,122.21,16.07
2017-08-23,52.31,122.67,16.15
2017-08-24,51.73,122.29,16.03
2017-08-29,51.64,124.42,16.42
2017-08-30,51.91,124.36,16.46
2017-08-31,52.69,125.82,16.65
2017-09-05,53.63,127.46,16.91
2017-09-06,54.48,126.81,16.87
2017-09-07,54.16,128.13,17.1
2017-09-11,54.2,126.19,16.77
2017-09-12,55.06,126.56,16.89
2017-09-13,55.52,125.61,16.76
2017-09-14,56.76,126.16,16.77
2017-09-18,55.5,124.36,16.27
2017-09-19,56.58,124.62,16.36
2017-09-20,57.2,123.62,16.19
2017-09-21,57.73,122.68,16.03
2017-09-25,59.42,124.53,16.21
2017-09-26,59.77,123.14,15.91
2017-09-27,58.74,121.98,15.83
2017-09-28,58.8,122.21,15.92
2017-10-02,55.67,120.77,15.67
2017-10-03,56.12,120.83,15.71
2017-10-04,56.0,121.17,15.69
2017-10-05,57.09,120.52,15.69
2017-10-09,55.29,122.08,16.02
2017-10-10,56.62,122.4,16.15
2017-10-11,56.13,122.79,16.25
2017-10-12,56.13,122.89,16.26
2017-10-16,57.49,122.97,16.25
2017-10-17,57.63,122.13,16.09
2017-10-18,58.05,121.67,16.06
2017-10-19,57.82,122.39,16.27
2017-10-23,57.69,121.8,16.14
2017-10-24,57.84,121.33,16.02
2017-10-25,58.45,121.35,16.01
2017-10-26,58.75,120.33,15.85
2017-10-30,60.65,121.13,15.91
2017-10-31,61.35,120.67,15.79
2017-11-01,60.98,121.11,16.18
2017-11-02,60.79,121.19,16.17
2017-11-03,61.42,120.62,15.92
2017-11-06,64.27,121.65,16.27
2017-11-07,64.36,121.21,16.01
2017-11-08,63.96,121.63,16.06
2017-11-09,64.49,122.13,16.07
2017-11-10,64.35,121.13,15.95
2017-11-13,62.94,121.31,16.09
2017-11-14,60.91,121.56,16.08
2017-11-15,61.25,121.41,16.03
2017-11-20,61.34,121.31,15.98
2017-11-21,62.28,121.51,16.01
2017-11-22,62.92,122.63,16.17
2017-11-24,63.58,122.32,16.08
2017-11-27,63.25,122.83,16.1
2017-11-28,63.56,122.81,15.91
2017-11-29,63.74,122.04,15.64
2017-11-30,63.53,121.1,15.51
2017-12-01,64.57,121.59,15.53
2017-12-04,63.45,121.18,15.44
2017-12-05,63.45,120.32,15.23
2017-12-06,62.25,120.07,15.1
2017-12-07,62.37,118.49,14.87
2017-12-08,63.86,118.48,14.96
2017-12-11,65.62,118.01,14.85
2017-12-12,64.96,118.15,14.86
2017-12-13,63.66,119.17,15.15
2017-12-14,63.72,118.93,15.02
2017-12-15,63.81,119.18,15.15
2017-12-18,64.45,119.73,15.22
2017-12-19,63.69,119.82,15.22
2017-12-20,64.43,120.14,15.25
2017-12-21,64.64,120.31,15.22
2017-12-22,64.61,120.94,15.4
2017-12-27,66.03,122.23,15.73
2017-12-28,66.8,122.85,15.88
2017-12-29,66.73,123.65,15.99
2018-01-02,66.65,125.15,16.21
2018-01-03,67.85,124.82,16.17
2018-01-04,68.73,125.46,16.23
2018-01-05,68.01,125.33,16.22
2018-01-08,68.48,125.31,16.15
2018-01-09,69.08,124.73,16.03
2018-01-10,69.79,125.03,16.02
2018-01-11,70.36,125.44,16.01
2018-01-12,69.64,126.96,16.27
2018-01-16,69.4,127.17,16.25
2018-01-17,69.19,126.14,16.06
2018-01-18,69.48,125.86,15.97
2018-01-19,68.56,126.42,16.05
2018-01-22,69.32,126.65,16.04
2018-01-23,69.81,127.28,16.08
2018-01-24,69.91,128.83,16.56
2018-01-25,71.08,127.97,16.31
2018-01-26,70.08,128.07,16.41
2018-01-29,68.41,127.35,16.21
2018-01-30,67.78,126.8,16.15
2018-01-31,67.78,127.65,16.35
2018-02-01,68.6,128.07,16.25
2018-02-02,67.45,126.39,15.66
2018-02-05,67.69,126.71,15.74
2018-02-06,66.75,125.38,15.65
2018-02-07,65.74,124.79,15.41
2018-02-08,64.26,124.98,15.46
2018-02-09,63.04,124.77,15.39
2018-02-12,62.2,125.37,15.57
2018-02-13,61.94,126.08,15.62
2018-02-14,62.29,128.23,15.91
2018-02-15,62.86,128.38,15.91
2018-02-16,64.3,127.96,15.73
2018-02-20,64.68,126.24,15.54
2018-02-21,64.81,125.66,15.54
2018-02-22,66.12,126.3,15.66
2018-02-23,67.04,126.14,15.59
2018-02-26,67.96,126.45,15.68
2018-02-27,67.59,125.13,15.48
2018-02-28,66.08,125.0,15.46
2018-03-01,64.23,124.72,15.54
2018-03-02,64.26,125.39,15.56
2018-03-05,65.78,125.18,15.49
2018-03-06,65.67,126.53,15.78
2018-03-07,65.09,125.72,15.53
2018-03-08,63.87,125.42,15.55
2018-03-09,65.19,125.54,15.63
2018-03-12,64.53,125.54,15.61
2018-03-13,64.2,125.78,15.61
2018-03-14,63.61,125.7,15.61
2018-03-15,63.67,124.9,15.45
2018-03-16,64.68,124.6,15.39
2018-03-19,64.82,124.87,15.39
2018-03-20,66.0,124.31,15.28
2018-03-21,68.15,126.48,15.65
2018-03-22,68.98,125.98,15.44
2018-03-23,69.03,127.61,15.58
2018-03-26,68.81,128.28,15.72
2018-03-27,68.63,127.49,15.57
2018-03-28,68.13,125.73,15.36
2018-03-29,69.02,125.79,15.41
2018-04-03,69.02,126.3,15.46
2018-04-04,66.04,126.45,15.38
2018-04-05,66.54,125.8,15.45
2018-04-09,68.19,126.82,15.56
2018-04-10,70.67,127.12,15.62
2018-04-11,72.74,128.11,15.69
2018-04-12,71.44,126.62,15.52
2018-04-16,72.05,127.63,15.72
2018-04-17,71.71,127.75,15.8
2018-04-18,73.73,127.85,16.18
2018-04-19,74.85,127.6,16.26
2018-04-23,74.54,125.62,15.67
2018-04-24,75.86,126.23,15.76
2018-04-25,73.79,125.41,15.61
2018-04-26,75.39,124.97,15.58
2018-04-30,75.92,124.59,15.38
2018-05-01,74.85,123.71,15.24
2018-05-02,73.14,123.65,15.42
2018-05-03,73.45,124.28,15.46
2018-05-08,74.16,124.59,15.51
2018-05-09,77.6,124.33,15.53
2018-05-10,77.59,125.18,15.74
2018-05-14,78.17,124.49,15.56
2018-05-16,78.19,122.544,15.454
